index,url,valid,domain,title,description,image,published,archive,content,quote,language,keyword
0,https://www.bbc.com/news/articles/cx2dn5ygypqo,0,www.bbc.com,David Dimbleby: Can William's 'ordinary Joe' approach win back more support for the monarchy?,"Polls suggest public approval for the monarchy has declined, which raises the question of what King Charles and Prince William could do to win back more support for the institution.",https://ichef.bbci.co.uk/news/1024/branded_news/2e2c/live/07869160-cba4-11f0-a892-01d657345866.jpg,2025-12-01T00:52:30Z,,"I've spent much of my career commentating on royal occasions, and over the past two years I've been looking at the institution in close detail for a personal-view documentary series, interviewing for… [+16565 chars]",,en,'King Charles'
1,https://www.cosmopolitan.com/entertainment/celebs/a69592961/andrew-demanding-75-million-to-leave-the-royal-lodge/,0,www.cosmopolitan.com,Andrew Mountbatten-Windsor Allegedly Demanding £75 Million from King Charles to Leave Royal Lodge,Andrew Mountbatten-Windsor is allegedly demanding £75 million from King Charles to leave the Royal Lodge.,"https://hips.hearstapps.com/hmg-prod/images/britains-prince-andrew-duke-of-york-and-britains-king-news-photo-1764603112.pjpeg?crop=1xw:0.7506xh;center,top&resize=1200:*",2025-12-01T17:05:00Z,,<ul><li>Andrew Mountbatten-Windsor is allegedly demanding an enormous payout to leave the Royal Lodge.</li><li>King Charles kicked Andrew out of the mansion at the same time his titles were stripped.… [+1421 chars],,en,'Andrew Mountbatten Windsor'
2,https://nypost.com/2025/12/01/us-news/melania-trump-usha-vance-and-cheryl-hines-create-handwritten-notes-care-packages-for-service-members/,0,nypost.com,"Melania Trump, Usha Vance, and Cheryl Hines write notes, make care packages for military",First lady Melania Trump led a team of powerful women at Joint Base Andrews and create holiday care packages for service members to mark the start of the Christmas season.,https://nypost.com/wp-content/uploads/sites/2/2025/12/116515281.jpg?quality=75&strip=all&w=1200,2025-12-01T20:14:53Z,,First lady Melania Trump teamed up with second lady Usha Vance to greet military families at Joint Base Andrews and create holiday care packages for service members to mark the start of the Christmas… [+2741 chars],,en,'Melania Trump'
3,https://www.pbs.org/newshour/world/watch-first-and-second-ladies-pack-holiday-care-packages-for-service-members,0,www.pbs.org,WATCH: First and second ladies pack holiday care packages for service members,First lady Melania Trump praised the spouses for carrying “the weight of family life” while their husbands or wives are away from home serving the country.,https://d3i6fh83elv35t.cloudfront.net/static/2025/12/2025-12-01T202042Z_1923434274_RC2T7IAYKXW4_RTRMADP_3_CHRISTMAS-SEASON-USA-MELANIA-1024x683.jpg,2025-12-01T21:03:30Z,,"The wives of the president and vice president spoke briefly to the roughly 100 military spouses, American Red Cross volunteers and others gathered inside a hangar at Joint Base Andrews near the natio… [+957 chars]",,en,'Usha Vance'
4,https://www.breitbart.com/politics/2025/12/01/melania-trump-delivers-remarks-ahead-putting-together-care-packages-troops/,0,www.breitbart.com,Melania Trump Delivers Remarks Ahead of Putting Together Care Packages for Troops,"First Lady Melania Trump delivered remarks at Joint Base Andrews Monday ahead of putting together care packages for deployed troops.
The post Melania Trump Delivers Remarks Ahead of Putting Together Care Packages for Troops appeared first on Breitbart.",https://media.breitbart.com/media/2025/12/Melania-Trump-640x335.jpg,2025-12-01T21:33:17Z,,"First Lady Melania Trump delivered remarks at Joint Base Andrews ahead of putting together care packages Monday for deployed troops, lauding the bravery of U.S. service members and their families.
“… [+1845 chars]",,en,'Usha Vance'
5,https://pagesix.com/2025/12/01/celebrity-news/cheryl-hines-joins-forces-with-melania-trump-and-usha-vance-as-hollywood-casts-her-out-for-going-maga/,0,pagesix.com,Cheryl Hines joins forces with Melania Trump and Usha Vance as Hollywood casts her out for ‘going MAGA’,"The ""Curb Your Enthusiasm"" alum's Hollywood friends are reportedly dismayed and stunned at her embracing conservative ""MAGA"" views.",https://pagesix.com/wp-content/uploads/sites/3/2025/12/116522053.jpg?quality=75&strip=all&w=1200,2025-12-01T22:30:15Z,,"Cheryl Hines joined forces with first lady Melania Trump and second lady Usha Vance on Monday and not everyone is happy about it.
The actress, 60, met with family members of deployed servicemen and … [+3690 chars]",,en,'Usha Vance'
6,https://www.jezebel.com/behold-the-i-hate-my-maga-husband-club,0,www.jezebel.com,Behold! The I-Hate-My-MAGA-Husband Club,Cheryl Hines made a rare appearance alongside Melania Trump and Usha Vance on Monday.,https://img.pastemagazine.com/wp-content/juploads/2025/12/GettyImages-2248825698-e1764701757896.jpg,2025-12-02T15:38:25Z,,"Happy Olivia Nuzzi publication day to all who hate to celebrate. On Tuesday, the former New York Magazine journalistwhos got an inexplicable type for boomers with bad politicsreleased her much-antici… [+2629 chars]",,en,'Melania Trump'
7,https://economictimes.indiatimes.com/news/international/us/usha-vance-sparks-buzz-again-after-stepping-out-ring-free-just-days-after-addressing-rumors/articleshow/125722051.cms,0,economictimes.indiatimes.com,Usha Vance sparks buzz again after stepping out ring-free just days after addressing rumors,Usha Vance again appeared without her wedding ring. This comes days after she addressed rumors about her marriage. She joined Melania Trump at Joint Base Andrews. They met military families and assembled holiday care packages. Vance was previously seen withou…,"https://img.etimg.com/thumb/msid-125722137,width-1200,height-630,imgsize-44018,overlay-economictimes/articleshow.jpg",2025-12-02T15:55:50Z,,Usha Vance spotted without wedding ring: The spotlight is once again on Second Lady Usha Vance after she appeared without her wedding ring during a holiday event at Joint Base Andrews. Her public app… [+3464 chars],,en,'Usha Vance'
8,https://www.cnn.com/2025/12/02/world/andrew-mountbatten-windsor-royal-lodge-intl,0,www.cnn.com,"Andrew Mountbatten-Windsor denied six-figure compensation payout for leaving Royal Lodge, crown estate says","Britain’s Andrew Mountbatten-Windsor, formerly a prince and the Duke of York, will be denied a six-figure compensation payout for his early eviction from a...",https://media.zenfs.com/en/cnn_articles_875/60f72add93a1a70008423c51c2cf4f33,2025-12-02T17:14:06Z,,"Britains Andrew Mountbatten-Windsor, formerly a prince and the Duke of York, will be denied a six-figure compensation payout for his early eviction from a 30-room mansion on the Windsor estate due to… [+2838 chars]",,en,'prince Andrew'
9,https://radaronline.com/p/jd-usha-vance-divorce-no-wedding-ring/,0,radaronline.com,JD Vance's Wife Usha Sparks Divorce Rumors Again as Second Lady Ditches Wedding Ring — After Veep's Embrace with Charlie Kirk's Widow Went Viral,"JD Vance's wife, Usha, appeared at an event without her wedding ring, sparking divorce rumors for the second time.",https://media.radaronline.com/brand-img/YqL4E65sI/1200x628/jd-usha-vance-divorce-rumors-spark-up-again-1764698160879.jpg,2025-12-02T18:30:00Z,,"At the event, Vance's comments about Usha and her faith also had people scratching their heads. 
""How are you teaching your kids not to keep your religion ahead of their mother's religion?... Why ar… [+934 chars]",,en,'Lady Di'
10,https://www.foxnews.com/media/indian-american-comedian-explains-why-trump-appeals-some-members-community,0,www.foxnews.com,Indian-American comedian explains why Trump appeals to some members of community,"Comedian Zarna Garg explained on ""The Daily Beast Podcast"" why Donald Trump appealed to some members of the Indian-American community, citing frustrations with the border under Joe Biden.",https://static.foxnews.com/foxnews.com/content/uploads/2025/12/zarna-garg-db-pod.jpg,2025-12-02T20:09:47Z,,"Comedian Zarna Garg spoke to ""The Daily Beast Podcast"" on Sunday about why President Donald Trump appealed to some members of the Indian community, citing concerns with former President Joe Biden's i… [+3853 chars]",,en,'Donald Trump'
11,https://www.businessinsider.com/larry-summers-american-economic-association-jeffrey-epstein-2025-12,0,www.businessinsider.com,Former Treasury Secretary Larry Summers was handed a lifetime ban from the American Economic Association,"Larry Summers received a lifetime ban from the American Economic Association, citing his ""conduct, as reflected in publicly reported communications.""",https://i.insider.com/692f60e57ecd1d1da662ce4e?width=1200&format=jpeg,2025-12-02T23:03:09Z,,"Business Insider previously reported that Summers would be stepping back from public life after his ties to Epstein became public.Mandel NGAN / AFP
<ul><li>Former Treasury Secretary Larry Summers ha… [+2467 chars]",,en,'Larry Summers'
12,https://freerepublic.com/focus/f-chat/4355687/posts,0,freerepublic.com,"First Lady Melania Trump and Second Lady Usha Vance spend time with military members and their families at Camp Lejeune, NC [lots of great photos]","First Lady Melania Trump and Second Lady Usha Vance spend time with military members and their families to show appreciation for those who serve this holiday season at Camp Lejeune, NC and MCAS New, River, NC, Wednesday, November 19, 2025.",,2025-12-03T00:36:48Z,,"Skip to comments.
First Lady Melania Trump and Second Lady Usha Vance spend time with military members and their families at Camp Lejeune, NC [lots of great photos]Flickr ^
 | 11/19/2025
 | The Wh… [+1245 chars]",,en,'Melania Trump'
13,https://www.aljazeera.com/news/2025/12/3/us-justice-department-seeks-to-dismiss-lawsuit-over-maurene-comeys-firing,0,www.aljazeera.com,US Justice Department seeks to dismiss lawsuit over Maurene Comey’s firing,"Comey alleges that the Trump administration fired her for political reasons, including her family ties to James Comey.",https://www.aljazeera.com/wp-content/uploads/2025/07/AP25197827024839-1752772084.jpg?resize=1920%2C1440,2025-12-03T00:54:34Z,,"The United States Justice Department is seeking the dismissal of a lawsuit brought by former federal prosecutor Maurene Comey to contest her firing.
In court papers filed on Monday, the Justice Depa… [+3058 chars]",,en,'Ghislaine Maxwell'
14,https://radaronline.com/p/george-clooney-marriage-crisis-amal-ghislaine-maxwell-claims/,0,radaronline.com,EXCLUSIVE: George Clooney Marriage in Crisis — Actor's Wife Amal 'Furious' After Ghislaine Maxwell's Sex Act Allegations Resurface,"George Clooney has been facing a marriage crisis as wife, Amal, is furious over Ghislaine Maxwell's sex act claims.",https://media.radaronline.com/brand-img/IIPa0lVtk/1200x628/george-clooney-marriage-crisis-amal-ghislaine-maxwell-claims-1762766287461.jpg,2025-12-03T12:30:00Z,,"The damning anecdote resurfaced in the posthumous memoir Nobody's Girl by alleged Epstein sex slave Virginia Giuffre, who wrote that jailbird Maxwell once openly bragged ""she performed a sex act on G… [+613 chars]",,en,'Ghislaine Maxwell'
15,http://www.thehollywoodgossip.com/2025/12/george-amal-clooney-headed-for-divorce-over-ghislaine-maxwell-allegations/,0,www.thehollywoodgossip.com,George & Amal Clooney: Headed For Divorce Over Ghislaine Maxwell Allegations?,"Reading Time: 2 minutesAmal Clooney is reportedly furious about allegations involving George Clooney and Ghislaine Maxwell.
George & Amal Clooney: Headed For Divorce Over Ghislaine Maxwell Allegations? was originally published on The Hollywood Gossip.",https://cdn.thehollywoodgossip.com/uploads/2025/12/GettyImages-2173810297-scaled.jpg,2025-12-03T13:54:18Z,,"Reading Time: 2minutesAs we previously reported, a memoir by the late Jeffrey Epstein victim Virginia Giuffre contained a shocking allegation involving George Clooney.
No, the A-list star was not ac… [+2522 chars]",,en,'Ghislaine Maxwell'
16,https://www.pbs.org/newshour/nation/never-before-seen-images-of-epsteins-private-island-released,0,www.pbs.org,Never-before-seen images of Epstein’s private island released,"“These new images are a disturbing look into the world of Jeffrey Epstein and his island,” Rep. Robert Garcia, Democratic ranking member on the House Oversight Committee, said in a press release. “We are releasing these photos and videos to ensure public tran…",https://d3i6fh83elv35t.cloudfront.net/static/2025/12/IMG_5541S-1024x682.jpg,2025-12-03T16:51:40Z,http://web.archive.org/web/20251205174709/https://www.pbs.org/newshour/nation/never-before-seen-images-of-epsteins-private-island-released,"Never-before-seen images and video footage of convicted child sex offender Jeffrey Epsteins private island were released Wednesday morning.
The images shared by the House Oversight Committee 10 in t… [+4457 chars]",,en,'Ghislaine Maxwell'
17,https://biztoc.com/x/a54913e8ad773f98,0,biztoc.com,Ghislaine Maxwell Says Grand Jury Materials Could Harm Her Case,,https://biztoc.com/cdn/a54913e8ad773f98_s.webp,2025-12-03T17:39:29Z,,"{ window.open(this.href, '_blank'); }, 200); return false;""&gt;Why did Microsoft lower AI software sales quotas? { window.open(this.href, '_blank'); }, 200); return false;""&gt;How will Trump's new fu… [+822 chars]",,en,'Ghislaine Maxwell'
https://deadline.com/2025/12/trump-60-minutes-interview-investigation-jamie-raskin-1236634642/,https://deadline.com/2025/12/trump-60-minutes-interview-investigation-jamie-raskin-1236634642/,0,deadline.com,Jamie Raskin Files Complaint To CBS News Ombudsman Over ’60 Minutes’ Edits To Donald Trump Interview,"Rep. Jamie Raskin (D-MD), the top Democrat on the House Judiciary Committee, filed a complaint to the newly appointed CBS News ombudsman on Wednesday over...",https://s.yimg.com/ny/api/res/1.2/LBw88oY5OR3tHtYbNOi2Hg--/YXBwaWQ9aGlnaGxhbmRlcjt3PTEyMDA7aD02NzY7Y2Y9d2VicA--/https://media.zenfs.com/en/deadline.com/fae638dcd3f89db107367ff12da03978,2025-12-03T17:49:11Z,,"Rep. Jamie Raskin (D-MD), the top Democrat on the House Judiciary Committee, filed a complaint to the newly appointed CBS News ombudsman on Wednesday over the way that 60 Minutes edited its recent in… [+3649 chars]",,en,'Donald Trump'
18,https://www.thejournal.ie/never-before-seen-images-of-epsteins-private-island-released-6892741-Dec2025/,0,www.thejournal.ie,US House Oversight Committee releases never-before-seen images of Epstein’s private island,The US Committee said it was releasing the images ‘to ensure public transparency in our investigation and to help piece together the full picture of Epstein’s horrific crimes’.,https://img2.thejournal.ie/article/6892741/river/?height=400&version=6892746,2025-12-03T18:15:24Z,,"NEVER-BEFORE-SEEN photos and videos have been released of Jeffrey Epsteins private island in the US Virgin Islands.
The images have been released by the US Committee on Oversight and Government Refo… [+2031 chars]",,en,'Ghislaine Maxwell'
19,https://biztoc.com/x/9625aa6a006b3177,0,biztoc.com,Epstein Ally Maxwell Plans Court Petition Seeking Release From Prison,"Ghislaine Maxwell plans to ask a court to release her from the 20-year sentence she is serving for sex trafficking, according to a letter filed in Manhattan federal court and reported first by The New York Times. The filing, submitted by her attorney David Os…",https://biztoc.com/cdn/9625aa6a006b3177_s.webp,2025-12-03T18:57:19Z,,"Ghislaine Maxwell plans to ask a court to release her from the 20-year sentence she is serving for sex trafficking, according to a letter filed in Manhattan federal court and reported first by The Ne… [+146 chars]",,en,'Ghislaine Maxwell'
20,https://www.cnbc.com/2025/12/03/epstein-files-jpmorgan-deutsche-bank-virgin-islands.html,0,www.cnbc.com,Jeffrey Epstein island photos and videos released as top banks share files with House Oversight Committee,The release comes as Attorney General Pam Bondi is on a deadline to publicly share files related to Epstein and his convicted accomplice Ghislaine Maxwell.,https://image.cnbcfm.com/api/v1/image/108236050-1764781746751-IMG_5373S.jpg?v=1764787172&w=1920&h=1080,2025-12-03T18:58:28Z,,"Photo released by the House Oversight Committee Democrats shows the property of Jeffrey Epstein's private island home on Little St. James.
House Democrats on Wednesday revealed new photos and videos… [+4893 chars]",,en,'Jeffrey Epstein'
21,https://nationalpost.com/news/world/jeffrey-epstein-islands-photos-released,0,nationalpost.com,'Disturbing look': Democrats release photos and videos from Jeffrey Epstein's islands,"Release made 'to ensure public transparency ... and to help piece together the full picture of Epstein’s horrific crimes,' said committee member",https://smartcdn.gprod.postmedia.digital/nationalpost/wp-content/uploads/2025/12/epstein-island-masks.png,2025-12-03T19:22:35Z,,"Newly released pictures and video from Jeffrey Epsteins two private islands in the U.S. Virgin Islands show what looks to be a dentists office, several bedrooms and bathrooms, and a partially redacte… [+4669 chars]",,en,'Jeffrey Epstein'
22,https://www.bbc.com/news/articles/c4g5rrlve33o,0,www.bbc.com,Previously unseen images of Epstein's island released,The new images come as a deadline for the broader release of documents held by the US government looms.,https://ichef.bbci.co.uk/news/1024/branded_news/3d26/live/90ef1cb0-d086-11f0-9fb5-5f3a3703a365.jpg,2025-12-03T19:54:44Z,,"Bernd Debusmann Jrat the White House
Watch: Newly released video of Jeffrey Epstein's private island home
Democrats on the House Oversight Committee have released never-before-seen images of Jeffre… [+3391 chars]",,en,'Jeffrey Epstein'
23,https://www.ibtimes.com/new-epstein-island-photos-videos-reveal-disturbing-rooms-statues-around-compound-3791881,0,www.ibtimes.com,"New Epstein Island Photos and Videos Reveal Disturbing Rooms, Statues Around the Compound","House Democrats release harrowing photos of Jeffrey Epstein's private island, intensifying the push for transparency as new banking records from J.P. Morgan and Deutsche Bank emerge.",https://d.ibtimes.com/en/full/4636003/jeffrey-epstein.png,2025-12-03T20:00:06Z,,"House Democrats on the Oversight Committee have officially released a collection of previously unseen photographs and videos taken inside Jeffrey Epstein's private Caribbean compound, offering what t… [+4043 chars]",,en,'Ghislaine Maxwell'
24,https://www.forbes.com/sites/alisondurkee/2025/12/03/ghislaine-maxwell-claims-shed-suffer-severe-harm-if-grand-jury-records-are-released-in-epstein-files/,0,www.forbes.com,Ghislaine Maxwell Claims She’d Suffer ‘Severe’ Harm If Grand Jury Records Are Released In Epstein Files,The government has asked for the grand jury materials to be released as part of the law requiring the Epstein files to be made public.,"https://imageio.forbes.com/specials-images/imageserve/6581f36d9fd84326d7f5327a/0x0.jpg?format=jpg&crop=3180,1788,x291,y0,safe&height=900&width=1600&fit=bounds",2025-12-03T20:55:11Z,,"Maxwells attorneys filed a letter Wednesday responding to the Trump administrations request to unseal the grand jury materials, which include evidence shown to the grand jury as they decided whether … [+1650 chars]",,en,'Ghislaine Maxwell'
25,https://www.boredpanda.com/house-democrats-release-new-images-epstein-private-island-home/,0,www.boredpanda.com,Eerie New Images From Epstein’s Private Island Home Reveal What’s Inside,“Justice for the survivors.”,https://www.boredpanda.com/blog/wp-content/uploads/2025/12/fb_image_693093879ec5a.png,2025-12-03T20:59:15Z,,Newly released photos and video footage from inside Jeffrey Epstein’s private island home reveal what House Democrats are calling a “disturbing look” into the life and inner world of the disgraced fi… [+10936 chars],,en,'Ghislaine Maxwell'
26,https://www.cbsnews.com/news/jeffrey-epstein-new-photos-private-island-banking-records/,0,www.cbsnews.com,"Lawmakers obtain Epstein banking records, release new photos of private island","Democrats on the House Committee on Oversight and Government Reform released ""never-before-seen"" images of Jeffrey Epstein's private island.",https://assets2.cbsnewsstatic.com/hub/i/r/2025/12/03/30694395-872c-4e7a-9de2-1e9865758698/thumbnail/1200x630/eba4f717b6a495b2e2800fa63ba0014b/trespassingsignepsteinisland.jpg,2025-12-03T21:33:31Z,,Washington — Democrats on the House Committee on Oversight and Government Reform said Wednesday that the committee has received financial records related to Jeffrey Epstein from JPMorgan Chase and De… [+3532 chars],,en,'Jeffrey Epstein'
27,https://www.businessinsider.com/jeffrey-epstein-emails-goldman-sachs-kathryn-ruemmler-attorney-client-privilege-2025-12,0,www.businessinsider.com,Jeffrey Epstein's estate fights to shield over 250 emails with top Goldman Sachs lawyer,"A new court filing indicates Kathryn Ruemmler, now the top Goldman Sachs lawyer, communicated with Jeffrey Epstein about sex assault lawsuits.",https://i.insider.com/69165d3589026fbb4d0da200?width=1200&format=jpeg,2025-12-03T21:44:59Z,,"Kathryn Ruemmler, now the top lawyer at Goldman Sachs, maintained a correspondence with Jeffrey Epstein after leaving the Obama White House.Getty Images; Getty Images
<ul><li>Jeffrey Epstein's estat… [+6757 chars]",,en,'Jeffrey Epstein'
28,https://www.aljazeera.com/news/2025/12/3/ghislaine-maxwell-to-seek-release-from-prison-court-filing,0,www.aljazeera.com,Ghislaine Maxwell to seek release from prison: court filing,Her petition comes after President Donald Trump signed law requiring the release of records related to Jeffrey Epstein.,https://www.aljazeera.com/wp-content/uploads/2021/11/AP21333652977263.jpg?resize=1920%2C1440,2025-12-03T22:06:57Z,http://web.archive.org/web/20251204014223/https://www.aljazeera.com/news/2025/12/3/ghislaine-maxwell-to-seek-release-from-prison-court-filing,"Ghislaine Maxwell, who is serving a 20-year prison sentence in the United States for her involvement in an alleged sex trafficking ring run by billionaire financier Jeffrey Epstein, has said she is p… [+4030 chars]",,en,'Ghislaine Maxwell'
29,https://abcnews.go.com/US/democrats-release-epstein-island-photos-maxwell-argues-release/story?id=128080759,0,abcnews.go.com,Epstein Island photos released as Maxwell argues against grand jury transcripts,Democrats on the House Oversight Committee have released photos and videos of the Virgin Islands estate of convicted sex offender Jeffrey Epstein.,https://i.abcnewsfe.com/a/7babcbc9-f936-4123-81dd-8d974d1ebd7e/epstein-house-2-rt-jef-251203_1764792198354_hpMain_2_16x9.jpg?w=1600,2025-12-03T22:22:57Z,http://web.archive.org/web/20251205160446/https://abcnews.go.com/US/democrats-release-epstein-island-photos-maxwell-argues-release/story?id=128080759,"Democrats on the House Oversight Committee on Wednesday released still images and videos of the Virgin Islands estate of convicted sex offender Jeffrey Epstein, on the same day that attorneys for Eps… [+5968 chars]",,en,'Jeffrey Epstein'
30,https://abcnews.go.com/US/wireStory/vocal-jeffrey-epstein-accuser-urging-judges-unseal-court-128090317,0,abcnews.go.com,A vocal Jeffrey Epstein accuser is urging judges to unseal his court records,"One of Jeffrey Epstein and Ghislaine Maxwell’s most vocal accusers is urging judges to grant the Justice Department’s request unseal to records from their federal sex trafficking cases, saying that “only transparency is likely to lead to justice.”",https://i.abcnewsfe.com/a/27de8b17-d3e4-45b4-a58c-40d0abc0c26c/wirestory_0a5b9a48f93460e94e44a31e7bf67715_16x9.jpg?w=1600,2025-12-03T22:46:17Z,,NEW YORK -- One of Jeffrey Epstein and Ghislaine Maxwell 's most vocal accusers urged judges on Wednesday to grant the Justice Department's request to unseal records from their federal sex traffickin… [+4003 chars],,en,'Ghislaine Maxwell'
31,https://www.memeorandum.com/251203/p122,0,www.memeorandum.com,A vocal Jeffrey Epstein accuser is urging judges to unseal his court records (Associated Press),"Associated Press:
A vocal Jeffrey Epstein accuser is urging judges to unseal his court records  —  One of Jeffrey Epstein and Ghislaine Maxwell 's most vocal accusers urged judges on Wednesday to grant the Justice Department's request to unseal records from t…",https://dims.apnews.com/dims4/default/2efdc4f/2147483647/strip/true/crop/5760x3240+0+300/resize/1440x810!/quality/90/?url=https%3A%2F%2Fassets.apnews.com%2F5b%2Fae%2F3b3d662b26b03bd14f01f9a5d7d7%2Fa19666cda67f402d9ceee5ea7c1f2d0c,2025-12-03T23:00:26Z,,"memeorandum is an auto-generated summary of the stories that US political commentators are discussing online right now.
Unlike sister sites Techmeme and Mediagazer, it is not a human-edited news out… [+72 chars]",,en,'Ghislaine Maxwell'
32,https://www.foxnews.com/politics/comer-accuses-oversight-dems-cherry-picking-epstein-island-files-chasing-headlines,0,www.foxnews.com,Comer accuses Oversight Dems of 'cherry-picking' Epstein Island files: 'Chasing headlines',"House Oversight Chairman James Comer accuses Democrats of selectively releasing Epstein materials, claiming some images were already published months ago.",https://static.foxnews.com/foxnews.com/content/uploads/2025/12/comer-epstein-release.jpg,2025-12-03T23:36:06Z,,"EXCLUSIVE: House Oversight Committee Chairman James Comer, R-Ky., is accusing Democrats on his panel of selectively releasing information related to Jeffrey Epstein.
It came hours after committee De… [+3980 chars]",,en,'Ghislaine Maxwell'
33,https://www.bostonherald.com/2025/12/03/annie-farmer-urges-epstein-records-unsealed/,0,www.bostonherald.com,A vocal Jeffrey Epstein accuser is urging judges to unseal his court records,Annie Farmer and other victims fought for the passage of the Epstein Files Transparency Act.,https://www.bostonherald.com/wp-content/uploads/2025/12/Trump_Epstein_Reporters_and_Sources_48810.jpg?w=1024&h=682,2025-12-04T00:42:08Z,,"By MICHAEL R. SISAK and LARRY NEUMEISTER
NEW YORK (AP) One of Jeffrey Epstein and Ghislaine Maxwell s most vocal accusers urged judges on Wednesday to grant the Justice Departments request to unseal… [+4035 chars]",,en,'Jeffrey Epstein'
34,https://www.abc.net.au/news/2025-12-04/what-is-known-about-epstein-island/106027098,0,www.abc.net.au,Locals called it 'Paedophile Island' but for Epstein it was 'perfect',"Little St James is commonly referred to ""Epstein Island"" and according to attorneys for his accusers, the island was the site of many crimes committed against underage girls.",https://live-production.wcms.abc-cdn.net.au/eb132298a49a9b3fb4a0eed31a735495?impolicy=wcms_watermark_news&cropH=2813&cropW=5000&xPos=0&yPos=260&width=862&height=485&imformat=generic,2025-12-04T03:12:36Z,,"Locals called it ""Paedophile Island"". Jeffrey Epstein referred to it as ""Little St Jeff's"".
To the world, Little St James is commonly referred to as ""Epstein Island"" and according to attorneys for h… [+9609 chars]",,en,'Ghislaine Maxwell'
35,https://nypost.com/2025/12/04/opinion/theres-a-special-place-in-hell-for-women-like-olivia-nuzzi-whos-career-as-a-journalist-is-over/,0,nypost.com,There’s a special place in hell for women like Olivia Nuzzi — whose career as a journalist is over,There's a reason that women like Olivia Nuzzi used to be shunned by polite society in more orderly times.,https://nypost.com/wp-content/uploads/sites/2/2025/12/GettyImages-1252373567-e1764825035262.jpg?quality=75&strip=all&w=1200,2025-12-04T05:12:01Z,,"There’s a reason that women like Olivia Nuzzi used to be shunned by polite society in more orderly times.
Any woman who sets her sights on a married man is making a deliberate, selfish choice to cau… [+6372 chars]",,en,'Olivia Nuzzi'
36,https://economictimes.indiatimes.com/news/new-updates/epstein-island-unseen-images-released-eerie-pictures-show-mission-impossible-style-latex-masks-dentist-chair-and-dozens-of-pillows/articleshow/125761460.cms,0,economictimes.indiatimes.com,"Epstein Island unseen images released: Eerie pictures show Mission Impossible-style latex masks, baby lotion, dentist chair and dozens of pillows","Democrats on the House Oversight Committee released new photos and video from Jeffrey Epstein's Little Saint James estate. The images reveal bedrooms, bathrooms, and a disturbing room with a dental chair surrounded by male masks. A chalkboard displayed words …","https://img.etimg.com/thumb/msid-125761992,width-1200,height-630,imgsize-70164,overlay-economictimes/articleshow.jpg",2025-12-04T08:13:38Z,,"On December 3, 2025, Democrats from the United States House Oversight Committee released a set of previously unseen photographs and video footage from Jeffrey Epsteins private Caribbean estate, Littl… [+3009 chars]",,en,'Ghislaine Maxwell'
37,https://www.newser.com/story/379815/ghislaine-maxwell-makes-new-plea-to-get-out-of-prison.html,0,www.newser.com,Ghislaine Maxwell Makes New Plea to Get Out of Prison,"Two months after getting shut down by the Supreme Court , Ghislaine Maxwell is trying again to get out of prison. In a court filing to US District Court Judge Paul Engelmayer on Wednesday, Maxwell's lawyers said she intends to file a habeas corpus petition fo…",https://img1-azrcdn.newser.com/image/1650574-12-20251204092002.jpeg,2025-12-04T15:20:00Z,,Maxwell was convicted in 2021 on five sex trafficking charges and sentenced to 20 years in prison. She was moved from a federal prison in Florida to a minimum-security prison in Texas earlier this ye… [+671 chars],,en,'Ghislaine Maxwell'
38,https://www.foxnews.com/us/ghislaine-maxwell-plans-ask-judge-free-her-from-prison-shell-represent-herself-lawyer-says,0,www.foxnews.com,"Ghislaine Maxwell plans to ask judge to free her from prison, and she'll represent herself, lawyer says",Ghislaine Maxwell plans to file a habeas corpus petition seeking release from Texas prison camp and will represent herself in the legal matter.,https://static.foxnews.com/foxnews.com/content/uploads/2025/12/ghislaine-maxwell-fcp-bryan-texas.png,2025-12-04T20:00:54Z,,"Jeffrey Epstein's former lover and convicted accomplice Ghislaine Maxwell plans to ask a judge to release her from the minimum-security prison camp where she's being held in Texas, according to a let… [+2230 chars]",,en,'Ghislaine Maxwell'
39,https://crooksandliars.com/2025/12/ghislaine-maxwell-trying-get-out-prison,0,crooksandliars.com,"Per Her Request, Ghislaine Maxwell Expects To Get Out Of Prison","Much remains unknown but The New York Times reported on Wednesday that Ghislaine Maxwell, Jeffrey Epstein’s convicted accomplice, currently serving a 20-year prison sentence for sex trafficking, plans to ask a Manhattan federal court to release her.
“The lett…",https://crooksandliars.com/files/primary_image/25/12/trump_melania_epstein_maxwell_for_120325.png,2025-12-04T22:09:56Z,,"Much remains unknown but The New York Times reported on Wednesday that Ghislaine Maxwell, Jeffrey Epsteins convicted accomplice, currently serving a 20-year prison sentence for sex trafficking, plans… [+2691 chars]",,en,'Jeffrey Epstein'
40,https://www.breitbart.com/politics/2025/12/04/ttrump-quotes-gospel-at-christmas-tree-lighting-in-him-was-life-and-that-life-was-the-light-of-all-mankind/,0,www.breitbart.com,"Trump Quotes Gospel at Christmas Tree Lighting: 'In Him Was Life, and that Life Was the Light of All Mankind'","WASHINGTON, DC–President Donald Trump quoted the Gospel Thursday evening at the National Christmas Tree lighting on the Ellipse, just minutes from the White House.
The post Trump Quotes Gospel at Christmas Tree Lighting: ‘In Him Was Life, and that Life Was th…",https://media.breitbart.com/media/2025/12/Trump-Quotes-Gospel-640x335.jpeg,2025-12-05T00:36:17Z,,"WASHINGTON, DCPresident Donald Trump quoted the Gospel Thursday evening at the National Christmas Tree lighting on the Ellipse, just minutes from the White House.
Trump, flanked by first lady Melani… [+2403 chars]",,en,'Donald Trump'
41,https://www.yahoo.com/news/articles/latest-supreme-court-allows-texas-135357166.html,0,www.yahoo.com,The Latest: Grand jury transcripts from abandoned Epstein investigation in Florida ordered released,A federal judge in Florida ordered the release of grand jury transcripts from the federal sex trafficking cases of Jeffrey Epstein and Ghislaine Maxwell on...,https://s.yimg.com/ny/api/res/1.2/YqgoNdX2dXGx2CB22aRdew--/YXBwaWQ9aGlnaGxhbmRlcjt3PTEyMDA7aD04MDA7Y2Y9d2VicA--/https://media.zenfs.com/en/ap.org/2415163d5daa6050c6579e53cb23229e,2025-12-05T13:53:57Z,,A federal judge in Florida ordered the release of grand jury transcripts from the federal sex trafficking cases of Jeffrey Epstein and Ghislaine Maxwell on Friday. U.S. District Judge Rodney Smith sa… [+19545 chars],,en,'Jeffrey Epstein'
https://www.yahoo.com/news/videos/trump-fan-lashes-trump-over-142521604.html,https://www.yahoo.com/news/videos/trump-fan-lashes-trump-over-142521604.html,0,www.yahoo.com,Trump Fan Lashes Out At Trump Over Racist Rant: 'My Children Are Not Garbage!',"A Trump supporter named Mohamed Ahmed lashed out at President Donald Trump over a shocking racist rant that has drawn widespread condemnation, delivering the...",https://media.zenfs.com/en/mediaite_videos_432/5b14f3f62ddf1be98cedbdfebf3892c3,2025-12-05T14:25:21Z,,"A Trump supporter named Mohamed Ahmed lashed out at President Donald Trump over a shocking racist rant that has drawn widespread condemnation, delivering the vehement rebuttal My children are not gar… [+4 chars]",,en,'Donald Trump'
42,https://www.realitytea.com/2025/12/05/hillary-bill-clinton-divorce-jeffrey-epstein-connection/,0,www.realitytea.com,Hillary and Bill Clinton Alleged Divorce Bombshell Over Jeffrey Epstein — Report,Hillary and Bill's marriage is reportedly in danger. The post Hillary and Bill Clinton Alleged Divorce Bombshell Over Jeffrey Epstein — Report appeared first...,https://media.zenfs.com/en/reality_tea_694/deebb7acf2526639e3b520c99b16a776,2025-12-05T15:57:07Z,,"Over two decades after his bombshell scandal in the White House, it appears Bill Clintons marriage is in limbo again. The former US President and Hillary Clinton have been married for 50 years, but t… [+2085 chars]",,en,'Jeffrey Epstein'
43,https://www.nbcnews.com/news/us-news/osu-alumni-hold-photos-billionaire-les-wexner-jeffrey-epstein-demandin-rcna247219,0,www.nbcnews.com,OSU alumni hold photos of billionaire Les Wexner with Jeffrey Epstein while demanding testimony,"Former Ohio State University students trying to get billionaire Les Wexner to testify about Richard Strauss — a former campus doctor who allegedly abused dozens of men — staged a protest Thursday at a board of trustees meeting, where they brought up Wexner’s …","https://media-cldnry.s-nbcnews.com/image/upload/t_nbcnews-fp-1200-630,f_auto,q_auto:best/rockcms/2025-12/251204-epstein-wexner-gk-a35be6.jpg",2025-12-05T17:35:44Z,,"OSUs board of trustees is chaired by John Zeiger, who is both the father and law partner of Wexners lawyer, Matthew Zeiger.
And it was the elder Zeiger who adjourned the meeting before Tom Lisy, a f… [+4895 chars]",,en,'Ghislaine Maxwell'
44,https://www.ibtimes.com/epstein-island-speed-dial-phone-reveals-five-new-names-files-3792032,0,www.ibtimes.com,Epstein Island: Speed-Dial Phone Reveals Five New Names In The Files,"House Democrats release never-before-seen photos and videos from Jeffrey Epstein's private island, including a landline phone with speed-dial names Darren, Rich, Mike, Patrick and Larry.",https://d.ibtimes.com/en/full/4636199/epstein-island-phone.png,2025-12-05T17:42:16Z,,"House Democrats on the Oversight Committee have released more than 150 photographs and a dozen videos from Jeffrey Epstein's private Caribbean island, revealing disturbing details of the late sex off… [+4212 chars]",,en,'Jeffrey Epstein'
45,https://www.huffpost.com/entry/jeffrey-epstein-transcripts-released_n_6933242ee4b06a47b6d3d1ea,0,www.huffpost.com,Judge Orders Release Of Grand Jury Transcripts From Abandoned Jeffrey Epstein Investigation In Florida,The Justice Department has requested the unsealing of documents from three Epstein-related separate cases.,https://img.huffingtonpost.com/asset/69332430190000916b7f3650.jpeg?ops=1200_630,2025-12-05T18:30:26Z,,"ORLANDO, Fla. (AP) A federal judge in Florida on Friday ordered the release of grand jury transcripts from the federal sex trafficking cases of Jeffrey Epstein and Ghislaine Maxwell.
U.S. District J… [+1166 chars]",,en,'Ghislaine Maxwell'
46,https://www.wftv.com/news/grand-jury/N2ASXQIXL4YLDHJ7WCGA46EB5I/,0,www.wftv.com,Jury transcripts from Florida Epstein investigation ordered released,A federal judge has given the Justice Department permission to release transcripts of a grand jury investigation into Jeffrey Epstein's abuse of underage girls in Florida,https://cmg-cmg-tv-10070-prod.cdn.arcpublishing.com/resizer/v2/https%3A%2F%2Fcloudfront-us-east-1.images.arcpublishing.com%2Fcmg%2F6Y2EA7I4QA2UPCTD4HJRADS65M.jpg?auth=34ef92ec1d827ae422745f7be8c8dfceb72775842e663763135ccd98c1cbef3e&width=1200&height=630&smart=true,2025-12-05T18:32:01Z,,"ORLANDO, Fla. — A federal judge on Friday gave the Justice Department permission to release transcripts of a grand jury investigation into Jeffrey Epstein's abuse of underage girls in Florida a case … [+3775 chars]",,en,'Ghislaine Maxwell'
47,https://biztoc.com/x/1e404118cd1f09e1,0,biztoc.com,"Epstein, Maxwell Grand Jury Transcripts Ordered Released by Federal Judge","A federal judge in Florida on Friday ordered the release of grand jury transcripts from the federal sex-trafficking cases of Jeffrey Epstein and Ghislaine Maxwell, ruling that a new law requiring the records’ disclosure overrides longstanding rules that keep …",https://biztoc.com/cdn/1e404118cd1f09e1_s.webp,2025-12-05T18:32:22Z,,"A federal judge in Florida on Friday ordered the release of grand jury transcripts from the federal sex-trafficking cases of Jeffrey Epstein and Ghislaine Maxwell, ruling that a new law requiring the… [+139 chars]",,en,'Jeffrey Epstein'
48,https://www.foxnews.com/us/federal-judge-orders-unsealing-epstein-case-grand-jury-records,0,www.foxnews.com,Federal judge orders unsealing of Epstein case grand jury records,"A judge ordered the unsealing of Jeffrey Epstein grand jury records under a new transparency law, but the DOJ will ultimately decide if they're released.",https://static.foxnews.com/foxnews.com/content/uploads/2025/07/jeffrey-epstein-ghislaine-maxwell.jpg,2025-12-05T18:42:21Z,,"A federal judge in Florida granted the Justice Departments request on Friday to unseal grand jury transcripts related to Jeffrey Epstein and Ghislaine Maxwell, citing a new federal transparency law.… [+1134 chars]",,en,'Ghislaine Maxwell'
49,https://www.bbc.com/news/articles/c4ge8p0n0zko,0,www.bbc.com,Jeffrey Epstein: US judge orders unsealing of grand jury records from abandoned case,"A similar request was rejected earlier this year, but a law passed by Congress last month overrides it.",https://ichef.bbci.co.uk/news/1024/branded_news/66e9/live/f42e0d10-d20a-11f0-a892-01d657345866.jpg,2025-12-05T18:42:54Z,http://web.archive.org/web/20251205201257/https://www.bbc.com/news/articles/c4ge8p0n0zko,"A US judge has ordered the unsealing of grand jury transcripts from the 2005 and 2007 investigation into convicted paedophile Jeffrey Epstein. 
The Florida judge granted the justice department's req… [+989 chars]",,en,'Jeffrey Epstein'
50,https://freerepublic.com/focus/f-chat/4356104/posts,0,freerepublic.com,Judge orders unsealing of grand jury transcripts from Epstein investigation in Florida,A federal judge in Florida on Friday ordered the release of grand jury transcripts from the federal sex trafficking cases of Jeffrey Epstein and Ghislaine Maxwell. U.S. District Judge Rodney Smith said a recently-passed federal law ordering the release of rec…,,2025-12-05T18:44:34Z,,"Skip to comments.
Judge orders unsealing of grand jury transcripts from Epstein investigation in FloridaWBALTV ^
 | 12/5/25
 | ap
Posted on 12/05/2025 10:44:34 AM PST by CFW
A federal judge in F… [+2134 chars]",,en,'Ghislaine Maxwell'
51,https://www.pbs.org/newshour/nation/judge-orders-release-of-grand-jury-transcripts-from-abandoned-epstein-investigation-in-florida,0,www.pbs.org,Judge orders release of grand jury transcripts from abandoned Epstein investigation in Florida,"The Justice Department has requested the unsealing of documents from three Epstein-related separate cases: the 2006-2007 Florida grand jury investigation into Epstein, his 2019 sex trafficking case in New York and Ghislaine Maxwell’s 2021 sex trafficking case…",https://d3i6fh83elv35t.cloudfront.net/static/2025/08/2020-07-02T000000Z_1998767426_RC26LH99O5F6_RTRMADP_3_PEOPLE-GHISLAINE-MAXWELL-e1754078769188-1024x766.jpg,2025-12-05T18:49:49Z,,"ORLANDO, Fla. (AP) A federal judge in Florida on Friday ordered the release of grand jury transcripts from the federal sex trafficking cases of Jeffrey Epstein and Ghislaine Maxwell.
U.S. District J… [+1298 chars]",,en,'Ghislaine Maxwell'
52,https://www.memeorandum.com/251205/p76,0,www.memeorandum.com,Live updates: Grand jury transcripts from abandoned Epstein investigation in Florida ordered released (Associated Press),"Associated Press:
Live updates: Grand jury transcripts from abandoned Epstein investigation in Florida ordered released  —  A federal judge in Florida on Friday ordered the release of grand jury transcripts from the federal sex trafficking cases of Jeffrey Ep…",https://dims.apnews.com/dims4/default/40c4c0a/2147483647/strip/true/crop/4000x2250+0+209/resize/1440x810!/quality/90/?url=https%3A%2F%2Fassets.apnews.com%2F3e%2F06%2Fb39435ed2b336abddaf0049fc446%2F2ff075da0d224ef9ad599f53b4a7b723,2025-12-05T18:50:00Z,,"memeorandum is an auto-generated summary of the stories that US political commentators are discussing online right now.
Unlike sister sites Techmeme and Mediagazer, it is not a human-edited news out… [+72 chars]",,en,'Jeffrey Epstein'
53,https://apnews.com/article/jeffrey-epstein-florida-bd036cbe2fa4e98d27aa473fd6daa3bd,0,apnews.com,"Grand jury transcripts from Epstein, Maxwell investigation in Florida ordered to be released",A federal judge in Florida on Friday ordered the release of grand jury transcripts from the federal sex trafficking cases of Jeffrey Epstein and Ghislaine Maxwell.,https://nypost.com/wp-content/uploads/sites/2/2025/12/file-audrey-strauss-acting-united-115291213.jpg?quality=75&strip=all&w=1200,2025-12-05T18:58:37Z,http://web.archive.org/web/20251207023122/https://apnews.com/article/jeffrey-epstein-florida-bd036cbe2fa4e98d27aa473fd6daa3bd,"ORLANDO, Fla. (AP) A federal judge in Florida on Friday ordered the release of grand jury transcripts from the federal sex trafficking cases of Jeffrey Epstein and Ghislaine Maxwell.
U.S. District J… [+1821 chars]",,en,'Ghislaine Maxwell'
54,https://dailycaller.com/2025/12/05/judge-jeffrey-epstein-grand-jury-records/,0,dailycaller.com,Florida Judge Allows Release Of Epstein Grand Jury Records,A federal judge approved a request to unseal grand jury materials releated to Jeffrey Epstein on Friday.,"https://images.dailycaller.com/image/width=1280,height=549,fit=cover,format=webp,f=auto/https://cdn01.dailycaller.com/wp-content/uploads/2025/12/GettyImages-2247297658-scaled-e1764960521893.jpg",2025-12-05T19:08:25Z,,"A federal judge approved a request to unseal grand jury materials related to Jeffrey Epstein on Friday.
Congress’ decision to pass the “Epstein Files Transparency Act” overrides typical rules surrou… [+1664 chars]",,en,'Ghislaine Maxwell'
55,https://newrepublic.com/post/204045/federal-judge-orders-release-epstein-grand-jury-documents,0,newrepublic.com,Federal Judge Orders Release of Epstein Grand Jury Documents,We’re about to get more Epstein documents. Trump-appointed Judge Rodney Smith of the U.S. District Court of Southern Florida on Friday ordered the release of previously secret grand jury transcripts from 2005 and 2007 investigations into sex offender Jeffrey …,https://images.newrepublic.com/f78324ad9145a598cb4fd5746c413dbb7f194eeb.jpeg?w=1200&h=630&crop=faces&fit=crop&fm=jpg,2025-12-05T19:12:01Z,http://web.archive.org/web/20251206104339/https://newrepublic.com/post/204045/federal-judge-orders-release-epstein-grand-jury-documents,"This change, first reported by SFGATE, is emblematic of the small-scale, antagonistic ways in which Trump wages his MAGA culture war on any federal mention of Black history in America, or any minorit… [+837 chars]",,en,'Ghislaine Maxwell'
56,https://www.mediaite.com/media/news/just-in-judge-unseals-epstein-grand-jury-documents/,0,www.mediaite.com,JUST IN: Judge Unseals Epstein Grand Jury Documents,"A federal judge has ordered the release of grand jury transcripts from convicted sex offender Jeffrey Epstein's trial.
The post JUST IN: Judge Unseals Epstein Grand Jury Documents first appeared on Mediaite.",https://www.mediaite.com/wp-content/uploads/2025/12/epstein-files.jpeg,2025-12-05T19:43:06Z,,"(AP Photo/Jose Luis Magana)
A federal judge has ordered the release of grand jury transcripts from convicted sex offender Jeffrey Epstein’s trial.
Judge Rodney Smith’sdecision came after Congress p… [+1338 chars]",,en,'Jeffrey Epstein'
57,https://abcnews.go.com/US/florida-judge-grants-doj-motion-unseal-epstein-grand/story?id=128153706,0,abcnews.go.com,Florida judge grants DOJ motion to unseal Epstein grand jury transcripts,A Florida judge has granted a motion to unseal grand jury transcripts from the initial investigation into Jeffrey Epstein.,https://i.abcnewsfe.com/a/49311ddb-8338-4f92-9ff6-bd2de639b97b/jeffrey-epstein-gty-gmh-251205_1764962604442_hpMain_16x9.jpg?w=1600,2025-12-05T19:58:38Z,,A federal judge in Florida has granted the Trump administrations motion to unseal grand jury transcripts from the initial federal investigation of Jeffrey Epstein in the mid-2000s.  The order also gr… [+1664 chars],,en,'Ghislaine Maxwell'
58,https://www.wnd.com/2025/12/we-have-nothing-hide-records-jeffrey-epstein-cases/,0,www.wnd.com,‘We have nothing to hide’: Records of Jeffrey Epstein cases cleared for release,Judge issues order after Congress specifically authorizes information to be made public,https://www.wnd.com/wp-content/uploads/2025/06/jeffrey-epstein-600.jpg,2025-12-05T20:14:32Z,,"Jeffrey Epstein
The grand jury transcripts from federal sex trafficking cases involving Jeffrey Epstein, and Ghislaine Maxwell, have been cleared to be made public.
The Los Angeles Times confirmed … [+3716 chars]",,en,'Jeffrey Epstein'
59,https://www.thestar.com.my/news/world/2025/12/06/us-judge-clears-justice-department-to-release-epstein-grand-jury-transcripts,0,www.thestar.com.my,US judge clears Justice Department to release Epstein grand jury transcripts,"NEW YORK, Dec 5 (Reuters) - A Florida federal judge on Friday cleared the Justice Department to release grand jury transcripts from its sex trafficking case against Jeffrey Epstein, which could shed light on the deceased financier's ties to rich and powerful …",https://apicms.thestar.com.my/uploads/images/2025/12/06/3657941.jpg,2025-12-05T20:25:00Z,,"NEW YORK, Dec 5 (Reuters) - A Florida federal judge on Friday cleared the Justice Department to release grand jury transcripts from its sex trafficking case against Jeffrey Epstein, which could shed … [+1427 chars]",,en,'nan nan'
60,https://www.thewrap.com/daily-show-pentagon-press-corps-matt-gaetz-video/,0,www.thewrap.com,"‘The Daily Show’ Torches Hegseth’s New Press Corps: ‘If You Guys Are at the Pentagon, Who’s Vaping in Your Mom’s Basement?’ | Video","""Matt Gaetz is a reporter now?"" host Jordan Klepper asks
The post ‘The Daily Show’ Torches Hegseth’s New Press Corps: ‘If You Guys Are at the Pentagon, Who’s Vaping in Your Mom’s Basement?’ | Video appeared first on TheWrap.",https://i0.wp.com/www.thewrap.com/wp-content/uploads/2025/12/Daily-Show-12-4-25.jpg?fit=1200%2C675&quality=89&ssl=1,2025-12-05T20:47:00Z,,"“The Daily Show” torched the Trump administration, and specifically Pete Hegseth’s, new MAGA-centric Pentagon press corps Thursday night and warned viewers who recognize too many of the faces to “get… [+2685 chars]",,en,'Ghislaine Maxwell'
61,https://www.channelnewsasia.com/world/epstein-trump-us-files-justice-jury-5564786,0,www.channelnewsasia.com,US judge clears Justice Department to release Epstein grand jury transcripts,All transcripts relating to the 2005 and 2007 investigation of convicted paedophile Jeffrey Epstein and his accomplice-girlfriend will be unsealed.,"https://dam.mediacorp.sg/image/upload/s--Y7J4WqUb--/c_crop,h_463,w_823,x_51,y_50/c_fill,g_auto,h_676,w_1200/fl_relative,g_south_east,l_one-cms:core:watermark:ap_data-1,w_0.1/f_auto,q_auto/v1/one-cms/core/epstein_45027.jpg?itok=_Dbx4cBj",2025-12-05T21:25:34Z,,"NEW YORK: A Florida federal judge on Friday (Dec 5) cleared the Justice Department to release grand jury transcripts from its sex trafficking case against Jeffrey Epstein, which could shed light on t… [+1349 chars]",,en,'Jeffrey Epstein'
62,https://www.newser.com/story/379919/invoking-new-law-judge-oks-epstein-transcripts-release.html,0,www.newser.com,"Invoking New Law, Judge OKs Epstein Transcripts Release",A federal judge on Friday gave the Justice Department permission to release transcripts of a grand jury investigation into Jeffrey Epstein's abuse of underage girls in Florida—a case that ultimately ended without any federal charges being filed against the mu…,https://img1-azrcdn.newser.com/image/1650906-12-20251205155502.jpeg,2025-12-05T21:55:00Z,,A federal judge on Friday gave the Justice Department permission to release transcripts of a grand jury investigation into Jeffrey Epstein's abuse of underage girls in Florida—a case that ultimately … [+2071 chars],,en,'Jeffrey Epstein'
63,https://www.bostonherald.com/2025/12/05/justice-department-epstein-files-what-to-know/,0,www.bostonherald.com,What to know about the Justice Department’s Jeffrey Epstein files,The clock is ticking for the U.S. government to open up its files on Jeffrey Epstein.,https://www.bostonherald.com/wp-content/uploads/2025/12/Congress_Epstein_73338-1.jpg?w=1024&h=682,2025-12-05T23:11:06Z,,"By MICHAEL R. SISAK
NEW YORK (AP) The clock is ticking for the U.S. government to open up its files on Jeffrey Epstein.
After months of rancor and recriminations, Congress has passed and President … [+7590 chars]",,en,'Jeffrey Epstein'
64,https://radaronline.com/p/epstein-island-new-images-sparked-serial-killer-claims/,0,radaronline.com,EXCLUSIVE: New Jeffrey Epstein Island Images 'Filled With Warning Signs' Pedophile 'Was Also a Serial Killer' — 'It's SO Obvious',New images from Epstein island have sparked concerns the pedophile could have also a 'serial killer.',https://media.radaronline.com/brand-img/uzwTZr9L6/1200x628/jeffrey-epstein-serial-killer-pp-1764957692012.jpg,2025-12-06T00:05:00Z,,"Released alongside a separate 238-page birthday scrapbook compiled for Epstein in 2003 by his sex trafficking fixer, madam, and lover Ghislaine Maxwell, the images have reignited questions about Epst… [+757 chars]",,en,'Ghislaine Maxwell'
65,https://www.breitbart.com/politics/2025/12/05/federal-judge-orders-epstein-grand-jury-transcripts-unsealed/,0,www.breitbart.com,Federal Judge Orders Epstein Grand Jury Transcripts Unsealed,"A federal judge issued an order that transcripts from grand jury proceedings in Florida that took place 20 years ago, relating to a criminal investigation into deceased convicted sex offender Jeffrey Epstein, be unsealed.
The post Federal Judge Orders Epstein…",https://media.breitbart.com/media/2025/12/Jeffrey-Epstein-Cambridge-MA-9-8-04-getty-640x335.jpg,2025-12-06T02:28:56Z,,"A federal judge issued an order that transcripts from grand jury proceedings in Florida that took place 20 years ago, relating to a criminal investigation into deceased convicted sex offender Jeffrey… [+1959 chars]",,en,'Ghislaine Maxwell'
66,https://www.snopes.com//news/2025/12/06/trump-sex-trafficking-lawsuit/,0,www.snopes.com,"Lawsuit accuses Trump, Musk and Bill Gates of sex trafficking: What to know","The suit described crimes supposedly committed by the three men as having an ""identical"" modus operandi to those of Jeffrey Epstein.",https://mediaproxy.snopes.com/width/1200/https://media.snopes.com/2025/12/lawsuit_collage.png,2025-12-06T02:30:00Z,,Dealing with pro Se Litigants: A Judge's Dilemma | Illinois State Bar Association. https://www.isba.org/sections/bench/newsletter/2018/01/dealingwithproselitigantsajudgesdilemma. Accessed 5 Dec. 2025… [+1917 chars],,en,'Jeffrey Epstein'
