day,sentiment_mean,sentiment_std,subjectivity_mean,subjectivity_std,counting
2026-06-30,0.04353380542789039,0.8617882960309142,0.12637147160306578,0.8969536917889532,35.0
2026-07-01,0.04721380413086673,0.8980198738797733,-0.2324008293218328,0.9876547515699788,44.0
2026-07-02,-0.018352717658296165,0.8422084724914253,0.24032778020258755,1.0445620924550416,37.0
2026-07-03,0.1605251227789035,1.2670934633919606,0.11845681085717513,1.1159059344636844,41.0
2026-07-04,0.11612810962250361,0.9385226881631074,0.2072091923716263,1.1462142763100067,19.0
2026-07-05,-0.3696501227891011,0.7800807897169638,0.08379433289081673,0.8207120076505444,17.0
2026-07-06,-0.0007459023921542095,0.9792182807239115,-0.27127081226325334,1.0469047863160381,37.0
2026-07-07,0.1938685724222383,0.8234513948525527,-0.2315870168693002,0.8961183147283023,30.0
2026-07-08,0.044767688716535754,1.105606773897627,0.12138496986120244,0.9970853421015964,31.0
2026-07-09,0.0046031981523785145,0.9223765291972612,0.18900387607237915,0.8454275954091346,37.0
2026-07-10,0.0216375005016415,0.9475658436051135,0.204710103007325,0.9919738379983515,54.0
2026-07-11,0.1519418344223842,0.8077249439278554,-0.07138750448492506,0.9818540298345926,56.0
2026-07-12,-0.14045004982061937,1.2406403395761354,0.329302460043594,1.101449858248989,64.0
2026-07-13,-0.0385711383005308,0.9309650451836937,0.14093847856520456,0.853327149170121,27.0
2026-07-14,0.11545507991457904,0.8311262072635706,0.08160396049250661,0.8553239510298105,32.0
2026-07-15,-0.22361520171369598,0.9778335555666394,-0.046538428861817735,0.9955091662846358,30.0
2026-07-16,-0.011578498623504076,1.0318101964736215,0.07683950159481817,0.794301503882304,29.0
2026-07-17,0.0496824064243601,0.7982444330833163,0.060945666777014636,0.9793659549218819,38.0
2026-07-18,-0.12998789009417658,1.3677380744741463,-0.11004855563208084,1.2530092013117664,14.0
2026-07-19,-0.4533654492301817,0.7384369468903194,-0.408541798800534,1.0397036302403746,27.0
2026-07-20,-0.09587913394483732,0.8826201651674858,0.033155584716899514,0.9422448929087682,74.0
2026-07-21,-0.1389730764783396,0.8154248312654722,0.009467332231419332,0.8654565740454523,33.0
2026-07-22,-0.3814794824634792,0.8414835347222369,-0.2055904530453817,0.8786829891942004,72.0
2026-07-23,0.05317119007761935,1.0210701288717527,0.01877989669933456,0.9435509724781851,40.0
2026-07-24,-0.2692906669584149,0.6898609356050541,-0.13069209119380132,0.9997137953612831,44.0
2026-07-25,0.06345068068353941,0.8434854144732474,0.062253514132025435,0.9309861210924092,46.0
2026-07-26,-0.03185584378104427,0.7203171867995324,0.06008221226464903,0.7936319748454823,20.0
2026-07-27,0.1316921498326593,0.9065327666204008,0.02807113196402262,0.9380651142429178,30.0
2026-07-28,-0.3461225070774,0.7929671029490571,-0.07263796804385418,1.0126711773440507,21.0
2026-07-29,-0.2933654139601092,0.8447494068066359,-0.017326017671153254,0.8563842023847803,24.0
2026-07-30,0.08205551522945216,0.896096659317347,-0.14422772010309412,0.8375867863540564,24.0
2026-07-31,0.14768527245972207,0.8015140870975433,0.3436449304691847,0.8022749831920725,22.0
2026-08-01,0.10754908655697622,0.6421402238022182,0.1484337797991383,0.6856079577738754,32.0
2026-08-02,0.17850186860586115,0.6640724970645588,0.10036556961422324,0.7810145172695968,11.0
2026-08-03,0.5655934671191288,1.0946674963183594,0.11648257582265274,1.019099557070784,23.0
2026-08-04,0.23177738208673423,1.05891105615687,0.4658748850785085,1.1206389167784623,36.0
2026-08-05,0.09151359097444296,0.7238419619426306,-0.2071988402490625,0.9229305918146085,37.0
2026-08-06,-0.08622072734983083,0.9683760189317278,-0.06962419448076416,1.0384335073637185,32.0
2026-08-07,-0.06814545525017379,1.4746506898677119,0.32237809543797924,1.1595868032463101,24.0
2026-08-08,0.0386397535904468,1.4438198190988716,0.09684190016412977,0.7423431834864135,10.0
2026-08-09,-0.07286963119895529,0.9436281225446675,-0.8622809997831351,0.8726734477549145,6.0
2026-08-10,0.08951442326223687,0.7951943027484129,0.01566933690509498,0.9266603608442548,31.0
2026-08-11,-0.028666251211362292,0.8492245099833079,0.01243258512215346,1.128367610772391,34.0
2026-08-12,0.032568302878672156,0.9632986661794586,0.15198382385872294,0.8931670378932979,32.0
2026-08-13,0.24774626909066835,0.7635805635547106,-0.06381484240608497,0.8179541180417159,24.0
2026-08-14,0.045434771970309845,1.0758455619354177,-0.04292802725356345,1.0481099543983043,21.0
2026-08-15,0.15653998180604123,1.0631274220028268,-0.17360264218469817,1.0491107989287902,18.0
2026-08-16,0.4044037926599046,1.121597950005802,0.27882782365756115,0.9636257010692513,48.0
2026-08-17,0.12765902057434955,1.0415053682030881,0.1074828674958389,0.8604138087390498,38.0
2026-08-18,-0.05303665153252682,1.1021806801071943,-0.014215909518833052,1.0321859508134004,72.0
2026-08-19,0.04141886468359281,0.7866615590778374,-0.24556440719930994,0.7011569318979904,59.0
2026-08-20,-0.08513491822932316,0.818768386286413,-0.2101261568797817,0.866725735642211,46.0
2026-08-21,-0.06723916005047345,1.007602490515246,0.1953102857395939,0.7794919445453306,64.0
2026-08-22,0.23593794071184965,0.9199888525799564,0.07757224968570267,0.7882832674656874,31.0
2026-08-23,0.16807203292317915,0.8452334300851005,-0.17842276469348337,0.8433420982156516,53.0
2026-08-24,0.0032950442070937332,1.0456668350476237,-0.0803955512811684,0.9156012931076893,37.0
2026-08-25,0.07517163374141943,0.9688891003580612,-0.00264837433701659,0.7682194707608891,34.0
2026-08-26,0.23208187799882665,0.8748610517566711,-0.20474514195293797,1.0097055613633936,31.0
2026-08-27,0.162284937015358,0.8194512454544256,0.0900558785426557,0.979212935003555,37.0
2026-08-28,0.13353928658335731,0.9590023979605622,0.12922851829036391,1.1527005313075336,62.0
2026-08-29,-0.2955248676726943,1.1184540482822114,0.3671553029599413,1.028820406529031,35.0
2026-08-30,-0.1111694700023403,0.9572265441140754,0.0113876635708733,1.0687195113922434,23.0
2026-08-31,0.11905581409744886,1.0628430455911357,0.10238597151846238,0.960578547528264,32.0
2026-09-01,0.03051865615520608,0.6818166618133825,-0.13828243356512598,0.8251249709351475,18.0
2026-09-02,0.020916864989192097,0.7846285801910646,-0.12501297575230205,1.0548207223398176,22.0
2026-09-03,0.18872835982379907,1.151920867354218,0.07371377277141024,0.8367479697605195,48.0
2026-09-04,-0.20036240815364204,1.3272884493104735,0.32623242173152456,1.0943923648199385,26.0
2026-09-05,-0.22478327745874596,0.7487450034524716,-0.10911673448342589,0.7344442194162016,37.0
2026-09-06,-0.01683199123478491,1.085165054489472,0.0687045104205029,1.109932198110961,17.0
2026-09-07,-0.10464121928585042,0.6854764883342486,-1.0520754512897352,1.2446255688494385,9.0
2026-09-08,-0.03782439407282497,0.922716726343795,0.117094649625295,0.6377651697308621,10.0
2026-09-09,-0.24011445568690046,0.7808525083018294,-0.3207879663255579,0.9863012203579262,20.0
2026-09-10,-0.2445776725604854,0.7621251397975924,0.16803282093655572,0.8579437228950507,19.0
2026-09-11,-0.2957816435436415,1.0219874535849436,-0.2542802556178017,1.0111897321280685,11.0
2026-09-12,-0.051399290657646125,0.5951080414801495,0.01674904874400644,1.605100773269647,6.0
2026-09-13,-0.009959996753290068,1.5991843953363558,-0.028418318994722747,1.1913878383737613,2.0
2026-09-14,0.22921003979159987,0.8682076945075015,0.2780681750210821,1.1135184326090033,14.0
2026-09-15,0.0894848070328267,0.984276765388465,0.222383009034531,0.9076554686900495,43.0
2026-09-16,0.041913089718250994,0.8982767398276214,-0.12425301613786009,0.9010392977927094,38.0
2026-09-17,-0.006941654035110075,0.9821247182407854,-0.6046543896431108,0.6767242987857846,30.0
2026-09-18,0.18480969724477975,1.2748762524676513,0.2642895381798405,0.9891636080659597,27.0
2026-09-19,-0.7177166411940645,1.1910901006047139,0.5574315102262337,1.1150253930941196,5.0
2026-09-20,0.03736164923185403,0.7951618596745688,-0.12635597879581276,0.8168639280497818,15.0
2026-09-21,-0.27474762870333125,1.0209909536047728,0.14940422197530326,1.1660052315356724,21.0
2026-09-22,-0.4707115483876358,0.8300157342517245,-0.2891561101500485,0.8853739604267166,13.0
2026-09-23,0.3423618707188879,1.0751564057029936,0.01835125251289833,1.0344707391742014,15.0
2026-09-24,-0.3623973626929257,0.9076271812840311,-0.2381590457372753,1.1514797605912261,5.0
2026-09-25,-0.18341508934630876,0.6101608537283189,0.051857196965755824,0.8934225592887578,3.0
