topic,sentiment_mean,sentiment_std,subjectivity_mean,subjectivity_std,counting
Argentinien,-0.37551040260627033,0.46894809582203134,0.17402586110251456,0.7538902670251675,2.0
Australien,0.39372166664993113,0.7401724533204516,-0.2936569270351369,0.7932989259797699,31.0
China,-0.10234456134841544,0.5024150265018423,-0.4799694406654913,0.7517504656558092,5.0
Deutschland,-0.044460382207831446,0.8894796820607789,-0.2333265543460454,0.7097772087004991,15.0
Frankreich,0.17191710708210164,0.6893047760808995,-0.9100053768574918,0.26519672763233937,3.0
Indien,-0.19643558822416474,1.0,0.2178944315403271,1.0,1.0
Irland,-0.028036472005108577,0.9439929524286285,-0.9506034205751547,1.014366329451988,3.0
Kanada,-0.16323109632847171,0.2370678024729644,-0.012443690560095116,0.5297657831661436,2.0
PuertoRico,-0.15906744998008582,1.0,-0.5062148071357438,1.0,1.0
Russland,-0.1592330354530179,0.3419008761757664,-0.45086521512520616,0.6304987896559574,3.0
UK,-0.07621499298960768,0.8742383252529123,0.016798614988850026,0.9480634784534396,97.0
UN,-0.7468325952482798,1.0,-0.04927557583591855,1.0,1.0
USA,-0.026578461087100082,0.9641817642516317,-0.049813283078351187,0.9414984568385186,620.0
Venezuela,1.3329750455157416,1.0,-0.7902572836628304,1.0,1.0
unknown,0.013269793187702699,0.9610124468048591,0.047245519548228754,0.9657370674109064,1961.0
