,phrase,label,sentiment,subjectivity,language,count
Jon Ossoff,Jon Ossoff,PERSON,0.014869008619008615,0.35452814827814816,en,37
Jon Anik,Jon Anik,PERSON,0.008199404761904765,0.18986607142857143,en,16
Jimmy Fallon,Jimmy Fallon,PERSON,0.0661038961038961,0.2727705627705628,en,11
Mateusz Gamrot,Mateusz Gamrot,PERSON,0.2032222222222222,0.323,en,10
MMA Junkie,MMA Junkie,PERSON,0.2860129068462402,0.3752525252525253,en,9
Jorge Masvidal,Jorge Masvidal,PERSON,-0.044444444444444425,0.3101851851851852,en,9
Darren Till,Darren Till,PERSON,-0.2601851851851852,0.5018518518518518,en,9
Quillan Salkilld,Quillan Salkilld,PERSON,0.25851851851851854,0.2903703703703704,en,9
RAF 12,RAF 12,PERSON,0.15460157126823793,0.3838945005611672,en,9
Hugh Hefner,Hugh Hefner,PERSON,0.10327080327080325,0.34696969696969693,en,9
Mackenzie Dern,Mackenzie Dern,PERSON,0.28611111111111115,0.39444444444444443,en,9
Jon Stewart,Jon Stewart,PERSON,0.008988320707070707,0.12898516414141414,en,8
Chris Weidman,Chris Weidman,PERSON,-0.30277777777777776,0.5646825396825397,en,7
Zorro Ranch,Zorro Ranch,PERSON,0.05326839826839828,0.3893867243867244,en,7
Khamzat Chimaev,Khamzat Chimaev,PERSON,0.048412698412698414,0.3650793650793651,en,7
Joe Lopez,Joe Lopez,PERSON,0.09196428571428572,0.38571428571428573,en,7
Brendan Schaub,Brendan Schaub,PERSON,-0.26444805194805193,0.7589285714285714,en,7
Din Thomas,Din Thomas,PERSON,0.21388888888888888,0.225,en,6
Hayden Panettiere,Hayden Panettiere,PERSON,-0.06744949494949494,0.3088131313131313,en,6
Magomed Zaynukov,Magomed Zaynukov,PERSON,0.14583333333333334,0.44198717948717947,en,6
Dan Hardy,Dan Hardy,PERSON,-0.003661616161616162,0.3695075757575758,en,6
Greg Sargent,Greg Sargent,PERSON,0.06881313131313131,0.39141414141414144,en,6
Sean Sharaf,Sean Sharaf,PERSON,0.075,0.11041666666666668,en,6
Jordan Burroughs,Jordan Burroughs,PERSON,0.052777777777777785,0.1888888888888889,en,6
Eddie Alvarez,Eddie Alvarez,PERSON,0.10666666666666666,0.19749999999999998,en,5
Robelis Despaigne,Robelis Despaigne,PERSON,0.06499999999999999,0.25,en,5
Rizvan Kuniev,Rizvan Kuniev,PERSON,0.0,0.2,en,5
Anderson Silva,Anderson Silva,PERSON,0.3764545454545455,0.33984848484848484,en,5
Chael Sonnen,Chael Sonnen,PERSON,0.0,0.04,en,5
Kathy Griffin,Kathy Griffin,PERSON,0.1343560606060606,0.37,en,5
Molly McNearney,Molly McNearney,PERSON,0.12303030303030302,0.23111111111111113,en,5
Demetrious Johnson,Demetrious Johnson,PERSON,0.008888888888888885,0.1177777777777778,en,5
Maggie Haberman,Maggie Haberman,PERSON,-0.010454545454545461,0.3268181818181818,en,5
Kyle Marley,Kyle Marley,PERSON,0.15666666666666665,0.3033333333333333,en,5
Nate Diaz,Nate Diaz,PERSON,-0.031111111111111117,0.08902777777777779,en,5
Jose Aldo,Jose Aldo,PERSON,0.1,0.3,en,5
Kenny Florian,Kenny Florian,PERSON,0.3098979591836735,0.548469387755102,en,5
Robert Whittaker,Robert Whittaker,PERSON,0.14954545454545454,0.2992424242424242,en,5
Clive Alderton,Clive Alderton,PERSON,-0.015555555555555559,0.4313888888888888,en,5
Demian Maia,Demian Maia,PERSON,0.055714285714285716,0.46047619047619054,en,5
Tom Hardy,Tom Hardy,PERSON,0.3104166666666667,0.27724358974358976,en,4
Bart De Wever,Bart De Wever,PERSON,0.0031250000000000028,0.42062499999999997,en,4
Dillon Danis,Dillon Danis,PERSON,-0.075,0.1125,en,4
Michael Wolff,Michael Wolff,PERSON,-0.13145833333333332,0.3516666666666666,en,4
Malki Kawa,Malki Kawa,PERSON,0.15833333333333333,0.3375,en,4
Leon Black,Leon Black,PERSON,-0.14375,0.35625,en,4
Allan Nascimento,Allan Nascimento,PERSON,-0.11249999999999999,0.1875,en,4
Dustin Poirier,Dustin Poirier,PERSON,0.2,0.1,en,4
Carl Higbie,Carl Higbie,PERSON,0.20890151515151514,0.36944444444444446,en,4
Thom Tillis,Thom Tillis,PERSON,-0.024999999999999994,0.35,en,4
Joe Brady,Joe Brady,PERSON,0.0553030303030303,0.2398989898989899,en,4
Dan Driscoll,Dan Driscoll,PERSON,0.125,0.3027777777777778,en,4
Sean O’Malley,Sean O’Malley,PERSON,-0.002777777777777775,0.1361111111111111,en,4
Ramazan Temirov,Ramazan Temirov,PERSON,-0.325,0.725,en,4
DJ Avicii,DJ Avicii,PERSON,-0.07500000000000001,0.0,en,4
Guy Gardner,Guy Gardner,PERSON,0.25170454545454546,0.3556818181818182,en,4
Gregory Rodriguez,Gregory Rodriguez,PERSON,-0.01979166666666668,0.4458333333333333,en,4
Nathan Fillion,Nathan Fillion,PERSON,0.2659090909090909,0.30719696969696975,en,4
Thomas Petersen,Thomas Petersen,PERSON,0.2,0.1,en,4
Roman Dolidze,Roman Dolidze,PERSON,0.0,0.0,en,4
Bella Mir,Bella Mir,PERSON,0.055,0.09916666666666667,en,4
Judd Apatow,Judd Apatow,PERSON,0.0,0.0,en,3
Bo Nickal,Bo Nickal,PERSON,0.2333333333333333,0.2833333333333334,en,3
Pantoja 2,Pantoja 2,PERSON,0.4954545454545454,0.45,en,3
Karen Attiah,Karen Attiah,PERSON,0.08333333333333333,0.3125,en,3
Tim Curry,Tim Curry,PERSON,0.5,0.5166666666666666,en,3
Paul Hughes,Paul Hughes,PERSON,0.3333333333333333,0.3333333333333333,en,3
John Stewart,John Stewart,PERSON,0.23106060606060605,0.26464646464646463,en,3
Cory Sandhagen,Cory Sandhagen,PERSON,0.2833333333333333,0.47962962962962963,en,3
Yousri Belgaroui,Yousri Belgaroui,PERSON,0.08666666666666667,0.08666666666666667,en,3
Bryan Bedder,Bryan Bedder,PERSON,0.10833333333333334,0.3666666666666667,en,3
"Brian ""Goze"" Garcia","Brian ""Goze"" Garcia",PERSON,0.022727272727272724,0.125,en,3
Sean Sheehan,Sean Sheehan,PERSON,0.05931607744107744,0.28245791245791246,en,3
Arnold Allen,Arnold Allen,PERSON,0.0,0.0,en,3
Leslie Mann,Leslie Mann,PERSON,0.0,0.0,en,3
Jiri Prochazka,Jiri Prochazka,PERSON,0.34,0.7533333333333333,en,3
Harvey Weinstein,Harvey Weinstein,PERSON,0.10000000000000002,0.3,en,3
Yan Xiaonan,Yan Xiaonan,PERSON,-0.03333333333333333,0.15,en,3
Esteban Ribovics,Esteban Ribovics,PERSON,0.15,0.2833333333333334,en,3
Jim West,Jim West,PERSON,0.0,0.0,en,3
Kristen Holmes,Kristen Holmes,PERSON,0.0,0.0,en,3
Amazon MGM,Amazon MGM,PERSON,0.18333333333333335,0.31666666666666665,en,3
Dario Amodei,Dario Amodei,PERSON,0.049999999999999996,0.16944444444444443,en,3
Alex Volkanovski,Alex Volkanovski,PERSON,0.0,0.17500000000000002,en,3
Gabriel Bonfim,Gabriel Bonfim,PERSON,0.5333333333333333,0.5,en,3
Edson Barboza,Edson Barboza,PERSON,0.0462962962962963,0.06666666666666667,en,3
Newt Gingrich,Newt Gingrich,PERSON,-0.19999999999999998,0.5814814814814815,en,3
Justina Lee,Justina Lee,PERSON,0.017777777777777778,0.05999999999999999,en,3
Nicolas Beresford-Cleary,Nicolas Beresford-Cleary,PERSON,0.1621212121212121,0.47222222222222227,en,3
Kirk Cousins,Kirk Cousins,PERSON,0.15,0.25,en,3
Nick Offerman,Nick Offerman,PERSON,0.22777777777777777,0.23703703703703702,en,3
Michael Bisping,Michael Bisping,PERSON,0.5333333333333333,0.26666666666666666,en,3
Greenberg Traurig,Greenberg Traurig,PERSON,-0.05333333333333334,0.29000000000000004,en,3
Amy Poehler,Amy Poehler,PERSON,0.43124999999999997,0.41111111111111115,en,3
Danny Boy,Danny Boy,PERSON,-0.026190476190476184,0.5047619047619047,en,3
Shawn Hatosy,Shawn Hatosy,PERSON,0.16666666666666666,0.20555555555555557,en,3
John Ossoff,John Ossoff,PERSON,0.038888888888888896,0.48425925925925933,en,3
Aaron Pico,Aaron Pico,PERSON,0.0,0.0,en,3
Paul Felder,Paul Felder,PERSON,0.2888888888888889,0.362962962962963,en,3
Khalil Rountree Jr,Khalil Rountree Jr,PERSON,-0.03333333333333334,0.07777777777777777,en,3
Zuffa Boxing,Zuffa Boxing,PERSON,0.0,0.35555555555555557,en,3
Steve Erceg,Steve Erceg,PERSON,-0.6,0.7999999999999999,en,3
Oscar De La Hoya,Oscar De La Hoya,PERSON,0.075,0.25833333333333336,en,3
Adam Wingard,Adam Wingard,PERSON,0.12272727272727273,0.17575757575757575,en,3
Ronda Rousey,Ronda Rousey,PERSON,-0.13333333333333333,0.24722222222222223,en,3
John Pork,John Pork,PERSON,0.30370370370370375,0.5657407407407408,en,3
Dee Devlin,Dee Devlin,PERSON,0.08333333333333333,0.8555555555555555,en,3
Michael Chandler,Michael Chandler,PERSON,0.3277777777777778,0.3742063492063492,en,3
Duchess Meghan,Duchess Meghan,PERSON,0.15555555555555553,0.31111111111111106,en,3
Damian Rzepecki,Damian Rzepecki,PERSON,0.38641975308641974,0.653395061728395,en,3
Islam Dulatov,Islam Dulatov,PERSON,-0.06959876543209877,0.34274691358024695,en,3
FDR Democrats,FDR Democrats,PERSON,0.0,0.16666666666666666,en,2
Adria Arjona,Adria Arjona,PERSON,0.22828282828282825,0.36464646464646466,en,2
Raúl Torrez,Raúl Torrez,PERSON,0.09318181818181819,0.4772727272727273,en,2
Chamika Ishan Liyanage,Chamika Ishan Liyanage,PERSON,-0.15625,0.36875,en,2
Dan Stevens,Dan Stevens,PERSON,0.22828282828282825,0.36464646464646466,en,2
Uros Medic,Uros Medic,PERSON,0.036111111111111115,0.32222222222222224,en,2
Adnoc Gas,Adnoc Gas,PERSON,0.0,0.1,en,2
Chuck Liddell,Chuck Liddell,PERSON,-0.35000000000000003,0.6,en,2
Jan Blachowicz,Jan Blachowicz,PERSON,0.05833333333333333,0.25,en,2
Brady Tkachuk,Brady Tkachuk,PERSON,0.125,0.16666666666666666,en,2
Tom Christie,Tom Christie,PERSON,0.04545454545454545,0.15151515151515152,en,2
Rousimar Palhares,Rousimar Palhares,PERSON,0.0,0.5625,en,2
Matthew Needham,Matthew Needham,PERSON,0.0,0.0,en,2
Sean McDermott Opens,Sean McDermott Opens,PERSON,0.008333333333333331,0.13888888888888887,en,2
Layla Machado Garry,Layla Machado Garry,PERSON,0.21875,0.5416666666666666,en,2
Andrew Garfield,Andrew Garfield,PERSON,0.21999999999999997,0.42000000000000004,en,2
Sam Raimi,Sam Raimi,PERSON,0.21999999999999997,0.42000000000000004,en,2
Jessie Henderson,Jessie Henderson,PERSON,0.03571428571428571,0.3294642857142857,en,2
Slams Hegseth,Slams Hegseth,PERSON,0.125,0.16666666666666666,en,2
Paloma Duffy,Paloma Duffy,PERSON,0.0,0.0,en,2
Magomed “Tiger” Magomedov,Magomed “Tiger” Magomedov,PERSON,0.0,0.0,en,2
David Ellison,David Ellison,PERSON,-0.0625,0.3125,en,2
Joe Pyfer,Joe Pyfer,PERSON,-0.07999999999999999,0.2533333333333333,en,2
Sean McDermott,Sean McDermott,PERSON,0.10227272727272727,0.3409090909090909,en,2
Brian Hickerson,Brian Hickerson,PERSON,0.0,0.0,en,2
Kenya Barris,Kenya Barris,PERSON,-0.275,1.0,en,2
Zabit Magomedsharipov,Zabit Magomedsharipov,PERSON,0.03240740740740744,0.5842592592592593,en,2
Michael Tomasky,Michael Tomasky,PERSON,0.3181818181818182,0.4772727272727273,en,2
Dricus du Plessis,Dricus du Plessis,PERSON,0.016666666666666666,0.30666666666666664,en,2
Cejudo 2,Cejudo 2,PERSON,0.0,0.0,en,2
Ryan Clark,Ryan Clark,PERSON,-0.07500000000000001,0.05,en,2
Neil Magny,Neil Magny,PERSON,0.15,0.95,en,2
Binyamin Netanyahu,Binyamin Netanyahu,PERSON,0.03333333333333334,0.26666666666666666,en,2
Gillian Robertson,Gillian Robertson,PERSON,0.2,0.4,en,2
Bellator MMA,Bellator MMA,PERSON,0.06666666666666668,0.28958333333333336,en,2
Goodbye Ahalkalakets,Goodbye Ahalkalakets,PERSON,0.0,0.0,en,2
Ariel Helwani,Ariel Helwani,PERSON,0.0,0.0,en,2
Hannah Waddingham,Hannah Waddingham,PERSON,0.15795454545454546,0.45833333333333337,en,2
Alan Dershowitz,Alan Dershowitz,PERSON,-0.031249999999999997,0.1875,en,2
Dominick Cruz,Dominick Cruz,PERSON,0.0,0.0,en,2
Jason Bradley DeFord,Jason Bradley DeFord,PERSON,0.2,0.30000000000000004,en,2
Jonathan Swan,Jonathan Swan,PERSON,0.06818181818181818,0.22727272727272727,en,2
Ruben Gallego,Ruben Gallego,PERSON,-0.30000000000000004,0.8500000000000001,en,2
Drew Starkey,Drew Starkey,PERSON,0.07828282828282827,0.21464646464646464,en,2
Marcus Jones,Marcus Jones,PERSON,0.42272727272727273,0.4590909090909091,en,2
Rebecca Hall,Rebecca Hall,PERSON,0.07828282828282827,0.21464646464646464,en,2
Cynthia Nixon,Cynthia Nixon,PERSON,-0.16249999999999998,0.6666666666666667,en,2
Tom Cruise,Tom Cruise,PERSON,0.2583333333333333,0.5388888888888889,en,2
Reginald VelJohnson,Reginald VelJohnson,PERSON,0.07828282828282827,0.21464646464646464,en,2
Stevie Nicks,Stevie Nicks,PERSON,0.1534090909090909,0.5,en,2
Gustavo Petro,Gustavo Petro,PERSON,-0.1,0.0,en,2
Deiveson Figueiredo,Deiveson Figueiredo,PERSON,0.175,0.275,en,2
Yvonne De Mare,Yvonne De Mare,PERSON,-0.045138888888888895,0.18888888888888888,en,2
Brian Sutterer,Brian Sutterer,PERSON,0.0,0.0,en,2
Malcolm Gladwell,Malcolm Gladwell,PERSON,-0.275,1.0,en,2
Alex Wong,Alex Wong,PERSON,0.0,0.0625,en,2
Israel Adesanya,Israel Adesanya,PERSON,0.0625,0.23750000000000002,en,2
Jes Staley,Jes Staley,PERSON,0.1078125,0.2458333333333333,en,2
Jeanne Shaheen,Jeanne Shaheen,PERSON,0.1,0.3666666666666667,en,2
Joel Alvarez,Joel Alvarez,PERSON,0.03409090909090909,0.29488636363636367,en,2
Edmund Reese,Edmund Reese,PERSON,-0.15555555555555559,0.2888888888888889,en,2
Aaron Donald,Aaron Donald,PERSON,0.15000000000000002,0.575,en,2
Benoit Saint Denis,Benoit Saint Denis,PERSON,0.0,0.05,en,2
Nate Jacobs,Nate Jacobs,PERSON,0.11174242424242424,0.7083333333333334,en,2
Nurmagomedov knoc,Nurmagomedov knoc,PERSON,0.0,0.0,en,2
Tai Tuivasa,Tai Tuivasa,PERSON,0.175,0.275,en,2
Matt Brown,Matt Brown,PERSON,0.07857142857142857,0.22857142857142856,en,2
ANDREW LOWNIE,ANDREW LOWNIE,PERSON,-0.011111111111111072,0.4638888888888889,en,2
Klint Kubiak,Klint Kubiak,PERSON,0.25,0.225,en,2
Humeyra Pamuk,Humeyra Pamuk,PERSON,-0.041666666666666664,0.16944444444444443,en,2
Wellington Turman,Wellington Turman,PERSON,-0.10625,0.24375,en,2
Ditcheva outclasses Kielholtz,Ditcheva outclasses Kielholtz,PERSON,0.0,0.0,en,2
Harry Kirton,Harry Kirton,PERSON,0.1,0.4,en,2
Kevin Hassett,Kevin Hassett,PERSON,0.006666666666666647,0.6983333333333333,en,2
Erin Blanchfield,Erin Blanchfield,PERSON,0.0,0.0,en,2
Daniel Rodriguez,Daniel Rodriguez,PERSON,0.05833333333333333,0.3666666666666667,en,2
Mark Lewis Zwonitzer,Mark Lewis Zwonitzer,PERSON,0.08928571428571429,0.14285714285714285,en,2
Shara Magomedov,Shara Magomedov,PERSON,0.21458333333333335,0.59375,en,2
Michel Pereira,Michel Pereira,PERSON,0.21458333333333335,0.59375,en,2
Diego Lima,Diego Lima,PERSON,0.08571428571428572,0.6919642857142857,en,2
Jodi Arias,Jodi Arias,PERSON,0.0,0.0,en,2
MVP MMA,MVP MMA,PERSON,0.0,0.0,en,2
Bellator Kickboxing,Bellator Kickboxing,PERSON,0.04848484848484848,0.25606060606060604,en,2
Vitor Petrino,Vitor Petrino,PERSON,0.05000000000000001,0.2333333333333333,en,2
Luke Rockhold,Luke Rockhold,PERSON,0.0,0.0,en,2
Diego Lopes,Diego Lopes,PERSON,-0.025925925925925932,0.21481481481481482,en,2
Geoff Neal,Geoff Neal,PERSON,0.05,0.25,en,2
Michael Jackson,Michael Jackson,PERSON,0.0909090909090909,0.38636363636363635,en,2
Alex Peieira,Alex Peieira,PERSON,0.2766666666666667,0.3207407407407407,en,2
Axel Sola,Axel Sola,PERSON,0.25,0.3,en,2
Adam Telle,Adam Telle,PERSON,0.0,0.05,en,2
Sheldon Whitehouse,Sheldon Whitehouse,PERSON,0.2583333333333333,0.4583333333333333,en,2
Trump Jab,Trump Jab,PERSON,0.11079545454545454,0.22916666666666669,en,2
Rob Wittman,Rob Wittman,PERSON,0.2,0.1,en,2
Navajo Stirling,Navajo Stirling,PERSON,0.021428571428571422,0.23392857142857143,en,2
Kimberly Halkett,Kimberly Halkett,PERSON,0.0,0.0,en,2
Maury Povich,Maury Povich,PERSON,-0.016666666666666663,0.16111111111111112,en,2
Scott Bessent,Scott Bessent,PERSON,0.0625,0.08333333333333333,en,2
Ryan Murphy,Ryan Murphy,PERSON,0.25,0.3333333333333333,en,2
Derrick Lewis,Derrick Lewis,PERSON,0.125,0.125,en,2
Chanko” Zaynukov,Chanko” Zaynukov,PERSON,0.2240740740740741,0.3814814814814815,en,2
Dan Tom,Dan Tom,PERSON,-0.15555555555555559,0.2888888888888889,en,2
Barbra Streisand,Barbra Streisand,PERSON,0.25,0.25,en,2
Glass Ceiling,Glass Ceiling,PERSON,0.43333333333333335,0.8666666666666667,en,1
Rodrigues Odds,Rodrigues Odds,PERSON,0.35,0.55,en,1
Chris Mundy,Chris Mundy,PERSON,0.25,0.2,en,1
Marcio Barbosa,Marcio Barbosa,PERSON,-0.046666666666666676,0.3416666666666667,en,1
Damon Lindelof,Damon Lindelof,PERSON,0.25,0.2,en,1
Aaron Pierre,Aaron Pierre,PERSON,0.25,0.2,en,1
"Gregory ""Robocop"" Rodrigues","Gregory ""Robocop"" Rodrigues",PERSON,0.006666666666666659,0.3733333333333333,en,1
Merab Dvalishvli,Merab Dvalishvli,PERSON,0.4375,0.875,en,1
Rewatch Rodrigues-Hernandez,Rewatch Rodrigues-Hernandez,PERSON,0.16666666666666666,0.3333333333333333,en,1
Hernandez Vs,Hernandez Vs,PERSON,0.35,0.55,en,1
Rodrigues Live Updat,Rodrigues Live Updat,PERSON,0.17992424242424243,0.35833333333333334,en,1
Georges St-Pierre,Georges St-Pierre,PERSON,0.0,0.0,en,1
Rodrigues entere,Rodrigues entere,PERSON,0.0,0.0,en,1
Kyle Chandler,Kyle Chandler,PERSON,0.25,0.2,en,1
Michael Chiesa,Michael Chiesa,PERSON,0.0,0.0,en,1
Hal Jordan)-starring Lanterns,Hal Jordan)-starring Lanterns,PERSON,0.25,0.2,en,1
ROSIE SERENADES,ROSIE SERENADES,PERSON,-0.07857142857142856,0.6142857142857143,en,1
Rodrigues Ceremonial Weigh-ins,Rodrigues Ceremonial Weigh-ins,PERSON,0.09318181818181817,0.425,en,1
toforced labourenforcement,toforced labourenforcement,PERSON,0.02727272727272726,0.3909090909090909,en,1
Gregory “Robocop” Rodrigues,Gregory “Robocop” Rodrigues,PERSON,0.006666666666666659,0.3733333333333333,en,1
Farah Hoannoun,Farah Hoannoun,PERSON,0.03409090909090909,0.1875,en,1
Dricus Du Plessis,Dricus Du Plessis,PERSON,0.1,0.05,en,1
South Kor,South Kor,PERSON,-0.038825757575757576,0.34280303030303033,en,1
Tom M,Tom M,PERSON,0.5,0.9,en,1
Nermeen Shaikh,Nermeen Shaikh,PERSON,0.0,0.0,en,1
UFC Sacr,UFC Sacr,PERSON,0.06666666666666667,0.13333333333333333,en,1
Alex Young Jelly Roll,Alex Young Jelly Roll,PERSON,0.10727272727272727,0.375,en,1
Ilya Khrzhanovsky,Ilya Khrzhanovsky,PERSON,0.0,0.0,en,1
Rodrigues - MMA,Rodrigues - MMA,PERSON,0.13636363636363635,0.5,en,1
Eddie Fu Stevie Nicks,Eddie Fu Stevie Nicks,PERSON,0.15681818181818183,0.5,en,1
Magomed Mago,Magomed Mago,PERSON,0.08571428571428572,0.30476190476190473,en,1
Jiri Pr,Jiri Pr,PERSON,0.2833333333333334,0.3148148148148148,en,1
Chris Hayes,Chris Hayes,PERSON,-0.30000000000000004,0.8500000000000001,en,1
Robocop Rends Hernandez’s,Robocop Rends Hernandez’s,PERSON,0.0,0.0,en,1
Rodrigues Hernandez,Rodrigues Hernandez,PERSON,0.21666666666666665,0.43333333333333335,en,1
Cejudo 2MMA Fighting Highlights,Cejudo 2MMA Fighting Highlights,PERSON,0.20833333333333331,0.3333333333333333,en,1
Ben Travers,Ben Travers,PERSON,0.8,0.4,en,1
Sidney Paternoster,Sidney Paternoster,PERSON,0.7,0.9,en,1
Alex Apodaca,Alex Apodaca,PERSON,0.22,0.3466666666666667,en,1
Kyle Kirkwood,Kyle Kirkwood,PERSON,0.6166666666666667,0.7833333333333333,en,1
Prince Edward,Prince Edward,PERSON,0.0,0.0,en,1
South Ko,South Ko,PERSON,0.0,0.0,en,1
Antony Hernandez,Antony Hernandez,PERSON,0.16666666666666666,0.3333333333333333,en,1
Epstein Survivors Launch,Epstein Survivors Launch,PERSON,0.0,0.0,en,1
Jon Stewart Nails,Jon Stewart Nails,PERSON,-0.65,0.8,en,1
Gina Carano,Gina Carano,PERSON,-0.25,0.25,en,1
Scott Bess,Scott Bess,PERSON,-0.013888888888888895,0.22222222222222224,en,1
Iran Down,Iran Down,PERSON,-0.15555555555555559,0.2888888888888889,en,1
‘Jaws of Death,‘Jaws of Death,PERSON,-0.15555555555555559,0.2888888888888889,en,1
Al Jazeeras,Al Jazeeras,PERSON,0.0,0.0,en,1
EMI CalculatorDetermine,EMI CalculatorDetermine,PERSON,0.16666666666666666,0.3333333333333333,en,1
De Wever,De Wever,PERSON,0.11250000000000002,0.3625,en,1
Will Parnasse,Will Parnasse,PERSON,0.0,0.0,en,1
Howard Chaykin,Howard Chaykin,PERSON,0.0,0.0,en,1
Shakur Steveson Smeshed,Shakur Steveson Smeshed,PERSON,0.0,0.16666666666666666,en,1
Epstein surv,Epstein surv,PERSON,-0.15555555555555559,0.2888888888888889,en,1
Melanija Knavs,Melanija Knavs,PERSON,0.1,0.2,en,1
USS Lincoln,USS Lincoln,PERSON,0.0,0.0,en,1
Eugene Bareman,Eugene Bareman,PERSON,0.0,0.0,en,1
City Kickboxing,City Kickboxing,PERSON,0.0,0.0,en,1
Mike Perry,Mike Perry,PERSON,-0.19444444444444445,0.9166666666666667,en,1
Sherdog Prospect Watch,Sherdog Prospect Watch,PERSON,0.0,0.0,en,1
Crusader S02,Crusader S02,PERSON,0.0,0.0,en,1
George McGuigan,George McGuigan,PERSON,0.0909090909090909,0.30303030303030304,en,1
Matthew Broderick,Matthew Broderick,PERSON,0.0,0.5,en,1
S Jaishankar,S Jaishankar,PERSON,0.01428571428571429,0.22380952380952382,en,1
Alan Jouban,Alan Jouban,PERSON,0.611111111111111,0.7333333333333334,en,1
Linda Bilmes,Linda Bilmes,PERSON,0.0,0.0,en,1
Terrance McKinney,Terrance McKinney,PERSON,0.611111111111111,0.7333333333333334,en,1
MMA fighte,MMA fighte,PERSON,0.0,0.0,en,1
Andy Foster,Andy Foster,PERSON,0.16666666666666666,0.4166666666666667,en,1
MMA GOAT,MMA GOAT,PERSON,0.0,0.0,en,1
Aleksandre Topuria,Aleksandre Topuria,PERSON,0.03333333333333333,0.3666666666666667,en,1
Maria Comella,Maria Comella,PERSON,-0.075,0.225,en,1
Vince McM,Vince McM,PERSON,0.125,0.375,en,1
Nate Diaz Trolls,Nate Diaz Trolls,PERSON,0.0,0.0,en,1
Hassett cherry,Hassett cherry,PERSON,0.07999999999999999,0.6799999999999999,en,1
Aaron Rupar,Aaron Rupar,PERSON,-0.3666666666666667,0.9666666666666667,en,1
Jasmine Jasudavicius,Jasmine Jasudavicius,PERSON,0.0,0.0,en,1
Catherine Connolly,Catherine Connolly,PERSON,0.0,0.4,en,1
Katie Hannon,Katie Hannon,PERSON,0.0,0.0,en,1
Damon Martin,Damon Martin,PERSON,0.04999999999999999,0.6,en,1
Elizabeth Holmes,Elizabeth Holmes,PERSON,0.0,0.0,en,1
Parnasse crumbl,Parnasse crumbl,PERSON,0.0,1.0,en,1
Tim Welch,Tim Welch,PERSON,0.0,0.25,en,1
Robin Hood Daffy_,Robin Hood Daffy_,PERSON,0.0,0.0,en,1
Looney Tunes,Looney Tunes,PERSON,0.0,0.0,en,1
Robin Hood,Robin Hood,PERSON,0.0,0.0,en,1
Olivia Wilde,Olivia Wilde,PERSON,0.0,0.5,en,1
Jim Watson,Jim Watson,PERSON,0.0,0.0,en,1
Denise Gomes,Denise Gomes,PERSON,-0.1,0.2833333333333333,en,1
Bruce Timm,Bruce Timm,PERSON,0.0,0.0,en,1
Johner Images,Johner Images,PERSON,0.5,0.9,en,1
Ben Hendren,Ben Hendren,PERSON,0.0,0.25,en,1
Casey DeSantis,Casey DeSantis,PERSON,0.0,0.1,en,1
Jamie Chung,Jamie Chung,PERSON,0.0,0.0,en,1
Leena Nasir,Leena Nasir,PERSON,-0.15555555555555559,0.2888888888888889,en,1
The Son of a Sinner,The Son of a Sinner,PERSON,0.2,0.30000000000000004,en,1
Kanishka Singh,Kanishka Singh,PERSON,0.21428571428571427,0.5714285714285714,en,1
Kylie Jennershut,Kylie Jennershut,PERSON,-0.07777777777777779,0.6444444444444445,en,1
• Kylie Jenner,• Kylie Jenner,PERSON,0.13555555555555557,0.49111111111111116,en,1
Kylie Jenner Squashes,Kylie Jenner Squashes,PERSON,0.5,0.5,en,1
Alyssa Farrah Griffin,Alyssa Farrah Griffin,PERSON,0.8,0.2,en,1
Son Yadong,Son Yadong,PERSON,0.0,0.0,en,1
Reiner de Ridder wh,Reiner de Ridder wh,PERSON,0.0,0.0,en,1
Reiner de Ridder,Reiner de Ridder,PERSON,0.0,0.0,en,1
Dolly Parton,Dolly Parton,PERSON,0.17222222222222222,0.3944444444444445,en,1
Jim WATSON,Jim WATSON,PERSON,0.0,0.0,en,1
Yayoi Kusama,Yayoi Kusama,PERSON,-0.0625,0.1875,en,1
Harry Potter,Harry Potter,PERSON,0.0,0.0,en,1
Gilderoy Lockhart,Gilderoy Lockhart,PERSON,0.0,0.0,en,1
Andrew Harnik,Andrew Harnik,PERSON,0.0,0.0,en,1
jabsThe Hill,jabsThe Hill,PERSON,0.079004329004329,0.42142857142857143,en,1
Michelle Trachtenberg,Michelle Trachtenberg,PERSON,-0.75,0.75,en,1
Hamish Linklater,Hamish Linklater,PERSON,0.0,0.0,en,1
Natalie Got,Natalie Got,PERSON,-0.18333333333333335,0.3833333333333333,en,1
Salty Cejudo,Salty Cejudo,PERSON,-0.3,0.1,en,1
Parnasse Fight,Parnasse Fight,PERSON,0.0,0.0,en,1
Matt Reeves,Matt Reeves,PERSON,0.0,0.0,en,1
Ed Brubaker,Ed Brubaker,PERSON,0.0,0.0,en,1
Joel Kowsky,Joel Kowsky,PERSON,0.19999999999999998,0.6666666666666666,en,1
Jared Isaacman,Jared Isaacman,PERSON,0.85,1.0,en,1
Alexandr Shabliy,Alexandr Shabliy,PERSON,0.1,0.1,en,1
Will Levis,Will Levis,PERSON,0.06818181818181818,0.2772727272727273,en,1
Yadong Odds,Yadong Odds,PERSON,0.35,0.55,en,1
Fernando Carmona,Fernando Carmona,PERSON,0.06818181818181818,0.2772727272727273,en,1
overUmar Nurmagom,overUmar Nurmagom,PERSON,0.32222222222222224,0.34444444444444444,en,1
Junkie Khabib,Junkie Khabib,PERSON,-0.06277777777777777,0.5277777777777778,en,1
John Gilmore,John Gilmore,PERSON,0.0,0.0,en,1
Umar Nurmagmedov,Umar Nurmagmedov,PERSON,0.08333333333333333,0.16666666666666666,en,1
Bilal Hasan,Bilal Hasan,PERSON,0.4333333333333333,0.7333333333333333,en,1
UFC bantamwei,UFC bantamwei,PERSON,0.0,0.0,en,1
SONG YADONG,SONG YADONG,PERSON,-0.3,1.0,en,1
Newsmaxs Carl Higbie,Newsmaxs Carl Higbie,PERSON,-0.08762626262626265,0.4222222222222222,en,1
Guskov Results & Highlights,Guskov Results & Highlights,PERSON,0.13636363636363635,0.5,en,1
Jamie McCarthy,Jamie McCarthy,PERSON,0.0,0.9,en,1
Mackenzie Der,Mackenzie Der,PERSON,0.5,0.75,en,1
Ian Garry Keeping Empty Frame,Ian Garry Keeping Empty Frame,PERSON,-0.1,0.5,en,1
Royce Gracie,Royce Gracie,PERSON,0.0,1.0,en,1
Adam Wingards,Adam Wingards,PERSON,0.15656565656565655,0.4292929292929293,en,1
Yaroslav Amosov,Yaroslav Amosov,PERSON,-0.6999999999999998,0.6666666666666666,en,1
Steve Apfel,Steve Apfel,PERSON,0.0,0.75,en,1
Michael Bi,Michael Bi,PERSON,0.0,0.0,en,1
Adria Arjona’s,Adria Arjona’s,PERSON,0.18333333333333335,0.3111111111111111,en,1
Adam Wingard‘s,Adam Wingard‘s,PERSON,0.13636363636363635,0.45454545454545453,en,1
Nakisa Bidarian jabs,Nakisa Bidarian jabs,PERSON,0.2333333333333333,0.19999999999999998,en,1
Nakida Bidarian,Nakida Bidarian,PERSON,0.0,0.0,en,1
Katie Phang,Katie Phang,PERSON,0.15555555555555556,0.3333333333333333,en,1
adam wingard,adam wingard,PERSON,0.2175324675324675,0.3703463203463203,en,1
Maurício Ruffy,Maurício Ruffy,PERSON,0.0,0.0,en,1
Jeffrey Epstien’s,Jeffrey Epstien’s,PERSON,0.13636363636363635,0.45454545454545453,en,1
Garry Peterson,Garry Peterson,PERSON,0.0,0.0,en,1
Julianna Peña,Julianna Peña,PERSON,0.0,0.0,en,1
Kayla Harrison,Kayla Harrison,PERSON,0.5,0.8888888888888888,en,1
Leon Edwards,Leon Edwards,PERSON,0.08181818181818182,0.2727272727272727,en,1
Ishika Samant,Ishika Samant,PERSON,0.0,0.0,en,1
Machado Garry Fight Card,Machado Garry Fight Card,PERSON,0.0,0.0,en,1
Pete McArdleReading,Pete McArdleReading,PERSON,0.19999999999999998,0.49444444444444446,en,1
Epstein Case,Epstein Case,PERSON,0.0,0.0,en,1
Lok Sabha,Lok Sabha,PERSON,0.26666666666666666,0.2833333333333333,en,1
MMA f,MMA f,PERSON,0.375,0.41666666666666663,en,1
Rakesh Sharma,Rakesh Sharma,PERSON,0.0,0.0,en,1
Yongchang Chin,Yongchang Chin,PERSON,0.0,0.0,en,1
Serene Cheong,Serene Cheong,PERSON,0.0,0.0,en,1
Dustin Stoltzfus,Dustin Stoltzfus,PERSON,0.0,0.0,en,1
Craig Jones,Craig Jones,PERSON,0.0,0.0,en,1
Matt Adams,Matt Adams,PERSON,0.05555555555555555,0.1111111111111111,en,1
Wint Smashes Adams Inside,Wint Smashes Adams Inside,PERSON,0.0,0.0,en,1
Michael Biehn,Michael Biehn,PERSON,0.15656565656565655,0.4292929292929293,en,1
Mike Tyson,Mike Tyson,PERSON,0.0,0.0,en,1
Eric Wareheim,Eric Wareheim,PERSON,0.15656565656565655,0.4292929292929293,en,1
MMA communityhe,MMA communityhe,PERSON,-0.5,0.9,en,1
BMF Title,BMF Title,PERSON,0.0,0.25,en,1
Harini Amarasuriya,Harini Amarasuriya,PERSON,-0.15625,0.36875,en,1
Epstein Move,Epstein Move,PERSON,-0.05,0.05,en,1
Anand Rathi,Anand Rathi,PERSON,0.1383116883116883,0.31147186147186146,en,1
Projeto Neymar,Projeto Neymar,PERSON,0.0,0.0,en,1
Evander Holyfield,Evander Holyfield,PERSON,0.0,0.0,en,1
Alicia Mene,Alicia Mene,PERSON,0.3,0.45,en,1
Ike Barinholtz,Ike Barinholtz,PERSON,0.0,0.6666666666666666,en,1
Colman Domingo,Colman Domingo,PERSON,0.0,0.6666666666666666,en,1
Ditcheva outpoints,Ditcheva outpoints,PERSON,0.13636363636363635,0.45454545454545453,en,1
Leon Babe Ruth,Leon Babe Ruth,PERSON,0.2,0.19166666666666665,en,1
Ruth 13U,Ruth 13U,PERSON,0.0,0.0,en,1
Tallahassee Leon Babe,Tallahassee Leon Babe,PERSON,0.0,0.0,en,1
Jerry Springer,Jerry Springer,PERSON,0.0,0.0,en,1
Ronda Ro,Ronda Ro,PERSON,0.0,0.5,en,1
Ditcheva wi,Ditcheva wi,PERSON,0.1341991341991342,0.34415584415584416,en,1
Junkie Nurmagomedov,Junkie Nurmagomedov,PERSON,0.1341991341991342,0.34415584415584416,en,1
Clive Aldertons,Clive Aldertons,PERSON,0.016666666666666673,0.4166666666666667,en,1
Philip Giraldi,Philip Giraldi,PERSON,-0.09375,0.25,en,1
Ankit Baiyanpuria,Ankit Baiyanpuria,PERSON,0.22000000000000003,0.4833333333333334,en,1
Special Coun,Special Coun,PERSON,0.17857142857142858,0.2857142857142857,en,1
Sophie Cunningham,Sophie Cunningham,PERSON,0.13636363636363635,0.45454545454545453,en,1
Alex Jenkinson,Alex Jenkinson,PERSON,0.0,0.0,en,1
championJamie Ding,championJamie Ding,PERSON,0.0,0.0,en,1
Jamie Ding,Jamie Ding,PERSON,0.0,0.1,en,1
Nakisa Bidarian,Nakisa Bidarian,PERSON,0.0625,0.5,en,1
Dayne Fox,Dayne Fox,PERSON,0.3333333333333333,0.3333333333333333,en,1
Kathryn Ruemmler,Kathryn Ruemmler,PERSON,0.2625,0.31666666666666665,en,1
Wes Welker,Wes Welker,PERSON,0.0,0.0,en,1
Andrew Lownie,Andrew Lownie,PERSON,0.43333333333333335,0.8333333333333334,en,1
Tiffany Haddish,Tiffany Haddish,PERSON,0.0,0.6666666666666666,en,1
Ian Brennan,Ian Brennan,PERSON,0.25,0.3333333333333333,en,1
Alex Davies-J,Alex Davies-J,PERSON,0.0,0.03333333333333333,en,1
Alex Davies-Jones,Alex Davies-Jones,PERSON,0.0,0.03333333333333333,en,1
Out Jimmy Fallon,Out Jimmy Fallon,PERSON,0.0,0.0,en,1
Fabricio Werdum,Fabricio Werdum,PERSON,0.6,1.0,en,1
Epstein Survivors,Epstein Survivors,PERSON,0.0,0.0,en,1
Renato Moicano,Renato Moicano,PERSON,0.0,0.3666666666666667,en,1
The Lizzie Borden Story,The Lizzie Borden Story,PERSON,0.25,0.3333333333333333,en,1
Ian Brennan‘s Monster,Ian Brennan‘s Monster,PERSON,0.25,0.3333333333333333,en,1
Charles long-time,Charles long-time,PERSON,0.0,0.375,en,1
Alison Boshoff,Alison Boshoff,PERSON,0.20227272727272724,0.37924242424242427,en,1
Ron Wyden,Ron Wyden,PERSON,0.04545454545454545,0.48484848484848486,en,1
Javier Mendes,Javier Mendes,PERSON,0.1,1.0,en,1
Charles w,Charles w,PERSON,0.0,0.375,en,1
Cruz Lead,Cruz Lead,PERSON,0.45,0.65,en,1
Kyler MurrayAaron Donald,Kyler MurrayAaron Donald,PERSON,0.2,0.6,en,1
Jed Rakoff,Jed Rakoff,PERSON,0.0,0.0,en,1
Farah Hannoun,Farah Hannoun,PERSON,0.03409090909090909,0.1875,en,1
Karyna Shuliak,Karyna Shuliak,PERSON,0.06818181818181818,0.2606060606060606,en,1
Khabib appea,Khabib appea,PERSON,0.4,0.375,en,1
Danny Ricker,Danny Ricker,PERSON,0.125,0.16666666666666666,en,1
Davis Ingle,Davis Ingle,PERSON,0.16761363636363635,0.35,,1
Gary Greenberg,Gary Greenberg,PERSON,0.125,0.16666666666666666,en,1
CNN Wou,CNN Wou,PERSON,0.25,0.25,en,1
Oompa Loompa,Oompa Loompa,PERSON,0.0,0.0,en,1
Willy Wonka,Willy Wonka,PERSON,0.2,0.2,en,1
Mango Mussolini,Mango Mussolini,PERSON,0.0,0.125,en,1
Cormier surfa,Cormier surfa,PERSON,0.016666666666666666,0.03333333333333333,en,1
Jean Smart,Jean Smart,PERSON,0.19107142857142856,0.29821428571428577,en,1
Jean Smart Brushes Off,Jean Smart Brushes Off,PERSON,0.15476190476190477,0.6587301587301587,en,1
Jean Smart Brushes Off Her Potential Emmy Record,Jean Smart Brushes Off Her Potential Emmy Record,PERSON,0.10714285714285714,0.8214285714285714,en,1
Machado Garry Fight,Machado Garry Fight,PERSON,0.4055555555555556,0.3333333333333333,en,1
Junkie Coach,Junkie Coach,PERSON,0.4055555555555556,0.3333333333333333,en,1
Gleison Tibau,Gleison Tibau,PERSON,0.03333333333333333,0.39999999999999997,en,1
Bernard Cazeneuve,Bernard Cazeneuve,PERSON,0.08,0.11333333333333333,en,1
Jonathan Swans,Jonathan Swans,PERSON,-0.125,0.375,en,1
Ossoff Barb Lands,Ossoff Barb Lands,PERSON,0.0,0.0,en,1
ROSIE ODONNELL,ROSIE ODONNELL,PERSON,0.13636363636363635,0.5,en,1
Charles Johnson,Charles Johnson,PERSON,0.125,0.6666666666666666,en,1
Stephen Thompson,Stephen Thompson,PERSON,0.0,0.0,en,1
Volkanovski lo,Volkanovski lo,PERSON,0.16666666666666666,0.3333333333333333,en,1
Einstein Visa,Einstein Visa,PERSON,0.0,0.1,en,1
Georgia Sen,Georgia Sen,PERSON,0.0,0.0,en,1
Nurideen Shabazz,Nurideen Shabazz,PERSON,0.2601190476190476,0.31577380952380957,en,1
Hakeem Jeffries,Hakeem Jeffries,PERSON,0.0,0.0,en,1
Fernando Mendoza,Fernando Mendoza,PERSON,0.1,0.25,en,1
Magomed Ankalev,Magomed Ankalev,PERSON,0.24060606060606063,0.6066666666666667,en,1
Serghei Spivac,Serghei Spivac,PERSON,0.0,0.0,en,1
Len Goodman Mirrorball Trophy,Len Goodman Mirrorball Trophy,PERSON,-0.1,0.3,en,1
Guillermo Rodriguez,Guillermo Rodriguez,PERSON,0.0,0.0,en,1
Jackson Olson,Jackson Olson,PERSON,0.0,0.0,en,1
Ciara Miller,Ciara Miller,PERSON,0.0,0.0,en,1
Maura Higgins,Maura Higgins,PERSON,0.0,0.0,en,1
RAF Georgia,RAF Georgia,PERSON,0.4000000000000001,0.9,en,1
Ankalaev Vs,Ankalaev Vs,PERSON,0.35,0.55,en,1
Ossoff Jab,Ossoff Jab,PERSON,0.2857142857142857,0.5357142857142857,en,1
Guskov Odds,Guskov Odds,PERSON,0.35,0.55,en,1
Hill Rosie,Hill Rosie,PERSON,-0.1111111111111111,0.45,en,1
Dan Abrams,Dan Abrams,PERSON,0.06666666666666667,0.375,en,1
Kathy Gr,Kathy Gr,PERSON,-0.15277777777777776,0.5333333333333333,en,1
Sara Eisen,Sara Eisen,PERSON,0.14814814814814817,0.3962962962962963,en,1
Neil Young,Neil Young,PERSON,0.1,0.4,en,1
Ossoff dur,Ossoff dur,PERSON,-0.28994708994709,0.6082010582010583,en,1
Guskov - MMA,Guskov - MMA,PERSON,0.0,0.0,en,1
Hayden Panett,Hayden Panett,PERSON,0.11787878787878787,0.33090909090909093,en,1
Elbow Xollouey,Elbow Xollouey,PERSON,0.023333333333333327,0.52,en,1
Trumps se,Trumps se,PERSON,-0.07777777777777779,0.14444444444444446,en,1
Pete St Johns,Pete St Johns,PERSON,0.2,0.375,en,1
Magomed Chanko Zaynukov,Magomed Chanko Zaynukov,PERSON,0.35,0.55,en,1
Makhachev durin,Makhachev durin,PERSON,0.25,0.3333333333333333,en,1
Damian Maia,Damian Maia,PERSON,0.0,0.0,en,1
Machado Garry Online,Machado Garry Online,PERSON,0.0,0.0,en,1
Harvey Weinstein Deposition,Harvey Weinstein Deposition,PERSON,0.0,0.0,en,1
Khabib Vs,Khabib Vs,PERSON,0.0,0.0,en,1
Machado Garry - UFC,Machado Garry - UFC,PERSON,0.0,0.0,en,1
Makhachev v,Makhachev v,PERSON,0.0,0.0,en,1
Paul Mescal,Paul Mescal,PERSON,0.275,0.7208333333333333,en,1
Garry Islam Makachev,Garry Islam Makachev,PERSON,0.8,0.9,en,1
Michael Fassbender,Michael Fassbender,PERSON,0.275,0.7208333333333333,en,1
Garry square,Garry square,PERSON,0.16666666666666666,0.3333333333333333,en,1
Audra Lynn,Audra Lynn,PERSON,-0.1,0.1,en,1
Leon Blackcofounde,Leon Blackcofounde,PERSON,-0.3,0.6,en,1
Michael Ovitz,Michael Ovitz,PERSON,0.0,0.1,en,1
Chanko Zaynukov,Chanko Zaynukov,PERSON,0.3611111111111111,0.6472222222222223,en,1
Andy Fisher,Andy Fisher,PERSON,0.125,0.16666666666666666,en,1
Josh Halloway,Josh Halloway,PERSON,0.125,0.16666666666666666,en,1
Epstein Victims,Epstein Victims,PERSON,0.0,0.0,en,1
Nolan King,Nolan King,PERSON,0.0,0.0,en,1
Guskov - Live Updates,Guskov - Live Updates,PERSON,0.18434343434343434,0.3666666666666667,en,1
Fadel SEN,Fadel SEN,PERSON,0.0,0.0,en,1
Langdon Hickman,Langdon Hickman,PERSON,0.06709956709956709,0.4047619047619048,en,1
UFC Abu,UFC Abu,PERSON,0.32708333333333334,0.4395833333333334,en,1
Loretta Preska,Loretta Preska,PERSON,0.0,0.2111111111111111,en,1
UFC Pound,UFC Pound,PERSON,0.5,0.5,en,1
Joe Raedle,Joe Raedle,PERSON,0.0,0.0,en,1
Kevin Dietsch,Kevin Dietsch,PERSON,0.0,0.0,en,1
Donald J,Donald J,PERSON,0.0,0.0,en,1
Pulitzer Prize,Pulitzer Prize,PERSON,0.13636363636363635,0.45454545454545453,en,1
Santiago Ponzinibbio,Santiago Ponzinibbio,PERSON,0.25,0.75,en,1
Muay Thai,Muay Thai,PERSON,0.35,0.55,en,1
Abdulmanap Nurmagomedov,Abdulmanap Nurmagomedov,PERSON,-0.3,0.6,en,1
Anderson Si,Anderson Si,PERSON,0.5,0.7,en,1
Na Na Na Na Na Na Na,Na Na Na Na Na Na Na,PERSON,0.0,0.0,en,1
Van Vs,Van Vs,PERSON,0.16666666666666666,0.3333333333333333,en,1
Jordan Burrou,Jordan Burrou,PERSON,0.16666666666666666,0.3333333333333333,en,1
CNN‘s Kristen Holmes,CNN‘s Kristen Holmes,PERSON,0.0,0.0,en,1
Mackenzie Dern’s,Mackenzie Dern’s,PERSON,0.1,0.3,en,1
MMA pound,MMA pound,PERSON,0.0,0.0,en,1
Ryan Clark’s,Ryan Clark’s,PERSON,0.0,0.0,en,1
