domain,sentiment_mean,sentiment_std,subjectivity_mean,subjectivity_std,counting
mmajunkie.usatoday.com,0.1501188630735482,0.21355509132938982,0.4061777471539163,0.20613344649444834,279.0
www.sherdog.com,0.09389103585443509,0.14525082487875374,0.5303476087029456,0.2405755229356108,246.0
www.mmamania.com,0.10548749232257476,0.15632689434040206,0.43585202374469684,0.1556969082107947,180.0
www.mmafighting.com,0.12053960809913192,0.1874023653624982,0.3856142624874024,0.17464480983404018,144.0
sports.yahoo.com,0.14235211621124322,0.17842934700063898,0.3941139486799209,0.16522324307700925,126.0
www.cbssports.com,0.14617815908006968,0.19761703174669173,0.4134226164265411,0.15342851107423974,91.0
heavy.com,0.14696176166083574,0.19932902522366458,0.3670233150480064,0.1610621909130999,81.0
slashdot.org,0.07746118861811147,0.1323744595890375,0.4339911473538866,0.10452528035413099,76.0
www.dailymail.com,0.09150960830599685,0.17585188605232754,0.39909201566502317,0.16716766836790134,73.0
biztoc.com,0.10350555149827637,0.21505318809392543,0.3771296282837288,0.24811207334686736,63.0
timesofindia.indiatimes.com,0.1563280717642697,0.17643403182460796,0.4606908745189995,0.1704513136699411,48.0
www.bbc.co.uk,0.1118818849729176,0.1994864296625008,0.37316415971307276,0.20175178728272677,46.0
nypost.com,0.11840323820170759,0.15780980155931057,0.4404254277468563,0.1519155008983865,35.0
deadline.com,0.09817987252646344,0.1887957290150036,0.41240763277126913,0.14970713151755147,35.0
radaronline.com,0.01549721139427022,0.18440477325215035,0.42166229821376877,0.18663497341587051,34.0
thoughtcatalog.com,0.11253875813940749,0.1754877892786211,0.4015662910522218,0.18835808633432824,33.0
www.yahoo.com,0.04049564913201276,0.17709364476097783,0.28682091477546023,0.21652481403404852,33.0
www.thewrap.com,0.05167488907647187,0.18527917381459322,0.43705134172210064,0.1928147991561304,32.0
www.breitbart.com,-0.015576651277976163,0.18789809739639352,0.37779113551578986,0.2504994661342914,31.0
www.forbes.com,0.08724825414640229,0.13143616307043213,0.3898823107619404,0.19256077359089252,27.0
newrepublic.com,0.0410592721412727,0.08246444436951304,0.3703456268162357,0.1256555021595708,27.0
crooksandliars.com,-0.003087770364556083,0.1811754589423399,0.4428998993731137,0.1820992971753781,26.0
www.mediaite.com,0.020268963727770543,0.23982629709637893,0.45689808858369463,0.19549573515929972,24.0
www.thebiglead.com,0.21830251924001925,0.15845307418214394,0.4290253454458,0.1747981645097296,22.0
consent.yahoo.com,-0.030864130725241835,0.146335955939796,0.43821107904441237,0.15887814448245996,21.0
www.usmagazine.com,0.10658652855081427,0.19547211587784677,0.48000103071531647,0.12724972164275714,21.0
gizmodo.com,0.02127110389610389,0.18800430899962656,0.4091919191919192,0.22628670430821965,20.0
www.cinemablend.com,0.027292017851676943,0.151427106819247,0.44800772675346534,0.12521338504754875,20.0
pagesix.com,0.08542501849224537,0.1557317401980328,0.4522332872542957,0.1631128257636263,17.0
www.businessinsider.com,0.18797852474323062,0.17876935457805518,0.4907843137254902,0.2825604197974063,17.0
www.aljazeera.com,0.1010676088617265,0.20778587899490644,0.38686401833460654,0.17946474014497313,17.0
www.dw.com,0.08920948682503305,0.1409846056634624,0.4390962395059034,0.18629465505434412,17.0
economictimes.indiatimes.com,0.09388713345186558,0.07796807604413976,0.35438493673984744,0.1765635121803244,16.0
variety.com,0.1682755425115409,0.17145215951459844,0.388478304516251,0.18394036410060158,16.0
www.rollingstone.com,0.11320320442657089,0.1934561365150282,0.39684461805555554,0.18882370852048694,16.0
www.indiewire.com,0.15335564280521669,0.22899745022592355,0.4634168798373344,0.17355466407209943,16.0
www.jezebel.com,0.011504268879268883,0.16350331119203945,0.4336224747474748,0.1974617406550686,15.0
www.foxnews.com,0.016595063185972276,0.10951139182252725,0.38738639278790793,0.19846411645255263,15.0
www.huffpost.com,-0.03732407073379296,0.18465942184060646,0.36134471367110255,0.13433293054999712,15.0
abcnews.com,0.09664646464646465,0.1458236327146015,0.3615252525252525,0.25818251303286543,15.0
www.eonline.com,0.026297412904555773,0.22986307047435967,0.48222312409812407,0.22342807925443034,14.0
www.celebitchy.com,0.12312696562696562,0.21465933878703583,0.39904613904613906,0.16397626272289784,13.0
www.snopes.com,-0.01576890701890702,0.16502450315012893,0.249521497021497,0.23730633213171137,13.0
brobible.com,0.11378254791945268,0.12696941790416322,0.4243340246614056,0.1665432660628894,12.0
www.salon.com,0.08269781144781145,0.19641197039119718,0.5323080340441452,0.10455097329730594,12.0
www.irishtimes.com,0.0490530303030303,0.10431601951876021,0.3496398508898509,0.17007517202336328,12.0
www.thecut.com,0.12128377739984882,0.1916973325792421,0.3235685941043084,0.1665236268715747,12.0
www.bbc.com,0.2573524681337181,0.29621259384147214,0.3921079846079846,0.24609816207679835,12.0
freerepublic.com,0.0454100529100529,0.17986744297704224,0.2932452501202501,0.14921720002230243,12.0
www.usatoday.com,0.11893215160260615,0.20337303966842712,0.44754430123748307,0.21384871187524532,11.0
www.abc.net.au,0.005005509641873281,0.21713873012892615,0.31066312475403385,0.23848574863365213,11.0
www.npr.org,0.004870129870129876,0.27123931609284924,0.38148989898989893,0.18357279452037142,11.0
consequence.net,0.04675808302284099,0.1581774269971905,0.39349475740709505,0.13886888848247927,11.0
screenrant.com,0.19971533790283788,0.13553975363856713,0.49028914141414137,0.0961154610338054,10.0
www.the-independent.com,0.053763478945297115,0.09270949307276238,0.2759487898465171,0.13012729708789716,10.0
www.thehollywoodgossip.com,0.12751052188552187,0.09132642882293947,0.4794486531986532,0.1285202576822659,10.0
www.cnn.com,-0.0008007884972170733,0.19871992162694,0.46820315398886825,0.23960638744887827,10.0
www.boredpanda.com,-0.016708553791887137,0.18165915287963022,0.4970288199454866,0.14855963745075018,9.0
www.rt.com,0.10530232884399551,0.17376648351817237,0.3883894500561167,0.09440570086065843,9.0
extratv.com,0.17611929479985036,0.23389051177649922,0.45857637218748326,0.17102942358401618,9.0
bleedingcool.com,0.054603666535484714,0.09927470875622514,0.32164641545323364,0.21121237596841153,8.0
clutchpoints.com,0.11279637896825397,0.15966980711177842,0.4027049455174455,0.14826877828533602,8.0
www.theverge.com,0.05477509469696969,0.1774951384466465,0.462739898989899,0.15118773532749016,8.0
www.ibtimes.com.au,0.1261456400742115,0.13380167606693943,0.45113799560228135,0.12643783427834332,7.0
punchng.com,0.22890125747268605,0.14525639724197117,0.3911976911976912,0.186003974895064,7.0
sportsnaut.com,0.13501623376623376,0.11140340168452073,0.35087662337662334,0.21107099599147833,7.0
pitchfork.com,-0.014709375092028163,0.25003618274525835,0.4997947404069853,0.2479407495210716,7.0
www.nbcnews.com,0.09589259946402805,0.17131833002183358,0.2999670171098742,0.22466849618188328,7.0
www.billboard.com,0.16543060586427932,0.1889541588060802,0.44918328081593384,0.17342187892434285,7.0
nymag.com,0.04724129045557617,0.17229459731898897,0.3632672618386904,0.14400930970347492,7.0
www.slashfilm.com,0.016990311276025558,0.1822250622225692,0.37301381158524016,0.1812302683578823,7.0
www.wired.com,0.08366611695183124,0.059767451851988514,0.3801269154126297,0.12617393357951456,7.0
mmapayout.com,0.15301587301587302,0.3902698835557031,0.4434920634920635,0.28952950948162465,7.0
www.techradar.com,0.20454188668474385,0.23348786162214252,0.4861197004054147,0.13974690337427528,7.0
www.foxsports.com,0.3063131313131313,0.06999715766672432,0.3928030303030303,0.0621946166461475,6.0
www.comingsoon.net,0.08280032467532467,0.10413797343332108,0.3856156806156806,0.10160195567215313,6.0
post.rlsbb.cc,0.17353535353535357,0.3985948690150719,0.33252525252525256,0.1901854169142746,5.0
www.hurriyetdailynews.com,0.05696969696969696,0.09214189361148584,0.2687878787878788,0.09729231370824419,5.0
comicbook.com,0.1874878454878455,0.12515202921772986,0.48911846486846483,0.17272533157423822,5.0
www.thefutoncritic.com,0.11077056277056278,0.17363870606952142,0.35996536796536793,0.2794311540109651,5.0
www.hollywoodreporter.com,0.11661140819964348,0.15389985838616532,0.37600534759358284,0.13720147790060983,5.0
www.buzzfeed.com,-0.03111111111111111,0.05024630690931117,0.4302777777777778,0.13974786461187969,5.0
www.theatlantic.com,0.160020202020202,0.237021260809192,0.47466919191919194,0.06260031384457626,5.0
www.sportingnews.com,0.23567316017316017,0.10397266451100447,0.5040793650793651,0.2921235736597269,5.0
www.business-standard.com,0.2453030303030303,0.18334147239634335,0.46545454545454545,0.10028883905833903,5.0
www.rte.ie,0.21687097734716781,0.13980661848554415,0.5590202478297716,0.18679021169416757,5.0
www.naturalnews.com,0.0389047619047619,0.06824359463434485,0.16885714285714287,0.15329768884720896,5.0
www.cosmopolitan.com,0.08475649350649347,0.23599190578056914,0.46953354978354983,0.0960025150746956,5.0
www.vulture.com,0.1251578282828283,0.18387981270781303,0.4615267255892256,0.07767286465813225,4.0
www.cbc.ca,0.15803165584415585,0.08341713618268635,0.41074314574314574,0.08374669068658226,4.0
english.gossiplankanews.com,0.09432133838383838,0.2189837998937805,0.43920770202020204,0.1385196597221505,4.0
finance.yahoo.com,0.04645833333333334,0.32588794299404344,0.45989583333333334,0.1526920371780814,4.0
financialpost.com,0.03176946229976532,0.19255708129926163,0.43306103968982756,0.1912577954289731,4.0
wwd.com,0.14476325757575756,0.19939737986491363,0.3678219696969697,0.20230436493581766,4.0
www.channelnewsasia.com,0.18497564935064936,0.0862914508687194,0.40352002164502165,0.0297624863841896,4.0
www.vanityfair.com,0.032439649470899466,0.0333124149608444,0.39174603174603173,0.061733812750412245,4.0
www.vanguardngr.com,0.06743371212121212,0.13287023707197868,0.23641098484848483,0.08134631382078646,4.0
www.newser.com,0.12238636363636363,0.0777643673667826,0.4661363636363637,0.11025983586491807,4.0
www.politico.eu,0.09440436107102773,0.12153122557241103,0.35362353695687027,0.22385416124979007,4.0
www.thehindubusinessline.com,0.08417111162646877,0.087598093659423,0.26781462585034016,0.19241363203097542,4.0
www.globalsecurity.org,0.1061316287878788,0.11387357856009829,0.25958806818181823,0.16593332866215452,4.0
www.hitc.com,0.17436868686868687,0.13451254830105566,0.33851010101010104,0.07836844997163965,4.0
www.tvline.com,0.35751893939393947,0.19349219996682748,0.448989898989899,0.10039331894060181,3.0
www.thelocal.de,0.10868686868686868,0.09816747619404265,0.26363636363636367,0.22719109645121088,3.0
www.dailysignal.com,0.07708333333333335,0.10758959444729464,0.41250000000000003,0.20116846174288852,3.0
www.democracynow.org,0.08295454545454546,0.046673983586165556,0.40012626262626266,0.13554062102544942,3.0
www.thejournal.ie,0.006565656565656566,0.12664286181031031,0.24722222222222223,0.25004629201039585,3.0
www.theblaze.com,0.07167548500881836,0.12993469484570894,0.41136243386243393,0.21125666427807205,3.0
www.techdirt.com,0.02083333333333333,0.1699037259070486,0.5487654320987655,0.17470462287170832,3.0
www.laineygossip.com,0.11111111111111112,0.098757715747951,0.4055555555555556,0.35149592133629287,3.0
www.prnewswire.com,0.11035353535353536,0.3478554373080417,0.40765993265993267,0.13720427691604228,3.0
en.protothema.gr,0.08999368686868686,0.09182385473628431,0.44558080808080813,0.09789767658690461,3.0
www.elitedaily.com,0.31900568181818184,0.17044347265171655,0.5824494949494949,0.07161428724164517,3.0
dailycaller.com,0.024658038720538716,0.0870582529616757,0.28236531986531993,0.17150696122766965,3.0
theweek.com,0.19358024691358025,0.028870681188390153,0.338641975308642,0.1529079505295991,3.0
wattsupwiththat.com,-0.07077922077922076,0.13123714889418125,0.56837765409194,0.227978568516703,3.0
www.mentalfloss.com,0.3637152777777778,0.0002455231879119555,0.6175347222222223,0.044439697012071136,2.0
www.ibtimes.co.uk,-0.020833333333333332,0.06481812160876686,0.12916666666666665,0.06481812160876686,2.0
drunkenstepfather.com,0.42317708333333337,0.17935468876971286,0.7565104166666667,0.27363559292791906,2.0
www.factcheck.org,0.17291666666666666,0.15615274751202923,0.23819444444444443,0.21311412710761224,2.0
www.fark.com,0.095,0.21920310216782976,0.645,0.13435028842544403,2.0
www.firstshowing.net,-0.17467194264069266,0.35033448594136263,0.5037472943722944,0.04478725581054402,2.0
legalinsurrection.com,0.29000000000000004,0.1202081528017131,0.42666666666666664,0.014142135623730963,2.0
www.gov.uk,0.13113636363636363,0.07938880679685327,0.5304545454545455,0.3259119436923451,2.0
theconversation.com,0.13541666666666666,0.279896434219675,0.3979166666666667,0.0913346259032624,2.0
sputnikglobe.com,0.22613636363636364,0.0016070608663330533,0.5386363636363636,0.05464006945532408,2.0
nofilmschool.com,-0.017083333333333332,0.018266925180652486,0.52625,0.31053772807109203,2.0
www.thegatewaypundit.com,0.030681818181818178,0.04339064339099268,0.39242424242424245,0.1521350953461966,2.0
www.showbiz411.com,-0.039098124098124104,0.2821182596396371,0.42140452140452145,0.023536214169364557,2.0
screenanarchy.com,0.22083333333333333,0.017677669529663664,0.6199074074074075,0.2520704729229823,2.0
www.israelnationalnews.com,0.11666666666666665,0.1649915822768611,0.4083333333333333,0.4831896338108075,2.0
omg.blog,0.2324074074074074,0.30772239551636793,0.2967592592592593,0.18921653681751135,2.0
www.rediff.com,0.26333333333333336,0.05185449728701346,0.675,0.38890872965260115,2.0
politicalwire.com,0.1516203703703704,0.12603523646149112,0.4939814814814815,0.05041409458459645,2.0
petapixel.com,0.16666666666666669,0.4714045207910317,0.6666666666666667,0.23570226039551592,2.0
www.newyorker.com,0.10000000000000002,0.14142135623730953,0.2805555555555556,0.25534411542847557,2.0
www.nybooks.com,0.21523809523809523,0.1764399777817862,0.33880952380952384,0.1289628081878323,2.0
comicbookmovie.com,0.05465367965367965,0.2004999747520297,0.43123647186147185,0.003768940365090709,2.0
www.nzherald.co.nz,0.32803030303030306,0.165348706913824,0.5420454545454545,0.11053007514001845,2.0
www.advocate.com,0.06666666666666667,0.09428090415820634,0.27222222222222225,0.38498035864600927,2.0
geektyrant.com,-0.0816919191919192,0.13189803258496544,0.5601010101010102,0.1583252557202203,2.0
www.americanthinker.com,-0.04736111111111112,0.2649686243946257,0.4945833333333334,0.14318912319027582,2.0
www.cnbc.com,0.12512626262626264,0.035176776740845926,0.32136994949494946,0.10093235052164042,2.0
www.ansa.it,0.0,0.0,0.0,0.0,2.0
fortune.com,-0.013320707070707073,0.14026070116718006,0.2771254208754209,0.09139414667608958,2.0
twitchy.com,-0.01439393939393939,0.2614152342568448,0.6193181818181819,0.16874139096497154,2.0
awfulannouncing.com,0.0018650793650793474,0.2652772821165722,0.4064285714285715,0.19293913600947227,2.0
www.punknews.org,0.0,1.0,0.0,1.0,1.0
boingboing.net,0.0,1.0,0.0,1.0,1.0
decider.com,0.0,1.0,0.0,1.0,1.0
ohnotheydidnt.livejournal.com,0.0,1.0,0.0,1.0,1.0
okmagazine.com,0.0,1.0,0.0,1.0,1.0
www.rigzone.com,0.0,1.0,0.0,1.0,1.0
www.rferl.org,0.0,1.0,0.0,1.0,1.0
www.realitytea.com,0.0,1.0,0.0,1.0,1.0
giantswire.usatoday.com,0.0,1.0,0.0,1.0,1.0
www.propublica.org,0.0,1.0,0.0,1.0,1.0
adimagazine.com,0.0,1.0,0.0,1.0,1.0
order-order.com,0.0,1.0,0.0,1.0,1.0
patriotswire.usatoday.com,0.0,1.0,0.0,1.0,1.0
www.politico.com,0.0,1.0,0.0,1.0,1.0
football-italia.net,0.0,1.0,0.0,1.0,1.0
www.vox.com,0.0,1.0,0.0,1.0,1.0
exclaim.ca,0.0,1.0,0.0,1.0,1.0
www.patheos.com,0.0,1.0,0.0,1.0,1.0
www.palmbeachpost.com,0.0,1.0,0.0,1.0,1.0
www.out.com,0.0,1.0,0.0,1.0,1.0
everything-everywhere.com,0.0,1.0,0.0,1.0,1.0
www.profootballnetwork.com,0.0,1.0,0.0,1.0,1.0
gamedaychatter.com,0.0,1.0,0.0,1.0,1.0
futurism.com,0.0,1.0,0.0,1.0,1.0
longreads.com,0.0,1.0,0.0,1.0,1.0
grist.org,0.0,1.0,0.0,1.0,1.0
www.thelocal.se,0.0,1.0,0.0,1.0,1.0
www.thepinknews.com,0.0,1.0,0.0,1.0,1.0
www.thedailybeast.com,0.0,1.0,0.0,1.0,1.0
www.theroot.com,0.0,1.0,0.0,1.0,1.0
www.thesportingtribune.com,0.0,1.0,0.0,1.0,1.0
www.thestreet.com,0.0,1.0,0.0,1.0,1.0
hiphopwired.com,0.0,1.0,0.0,1.0,1.0
kotaku.com,0.0,1.0,0.0,1.0,1.0
gcaptain.com,0.0,1.0,0.0,1.0,1.0
www.orlandosentinel.com,0.0,1.0,0.0,1.0,1.0
easysportz.com,0.0,1.0,0.0,1.0,1.0
mediatakeout.com,0.0,1.0,0.0,1.0,1.0
dpa-international.com,0.0,1.0,0.0,1.0,1.0
mubi.com,0.0,1.0,0.0,1.0,1.0
www.tallahassee.com,0.0,1.0,0.0,1.0,1.0
www.stadiumrant.com,0.0,1.0,0.0,1.0,1.0
dianeravitch.net,0.0,1.0,0.0,1.0,1.0
www.today.com,0.0,1.0,0.0,1.0,1.0
www.tubefilter.com,0.0,1.0,0.0,1.0,1.0
www.soompi.com,0.0,1.0,0.0,1.0,1.0
news.onmantel.com,0.0,1.0,0.0,1.0,1.0
www.the42.ie,0.0,1.0,0.0,1.0,1.0
collegefootballnetwork.com,0.0,1.0,0.0,1.0,1.0
peoplesreview.com.np,0.0,1.0,0.0,1.0,1.0
www.dailykos.com,0.0,1.0,0.0,1.0,1.0
chicagoreader.com,0.0,1.0,0.0,1.0,1.0
www.fly4free.com,0.0,1.0,0.0,1.0,1.0
www.esquire.com,0.0,1.0,0.0,1.0,1.0
www.esa.int,0.0,1.0,0.0,1.0,1.0
www.elpasotimes.com,0.0,1.0,0.0,1.0,1.0
time.com,0.0,1.0,0.0,1.0,1.0
titanswire.usatoday.com,0.0,1.0,0.0,1.0,1.0
www.disneyfoodblog.com,0.0,1.0,0.0,1.0,1.0
toronto.citynews.ca,0.0,1.0,0.0,1.0,1.0
www.darkhorizons.com,0.0,1.0,0.0,1.0,1.0
torontosun.com,0.0,1.0,0.0,1.0,1.0
touchdownwire.usatoday.com,0.0,1.0,0.0,1.0,1.0
trendkia.com,0.0,1.0,0.0,1.0,1.0
www.nj.com,0.0,1.0,0.0,1.0,1.0
www.commondreams.org,0.0,1.0,0.0,1.0,1.0
www.cnet.com,0.0,1.0,0.0,1.0,1.0
wealthofgeeks.com,0.0,1.0,0.0,1.0,1.0
worldsoccertalk.com,0.0,1.0,0.0,1.0,1.0
www.cfo.com,0.0,1.0,0.0,1.0,1.0
www.101greatgoals.com,0.0,1.0,0.0,1.0,1.0
cnalifestyle.channelnewsasia.com,0.0,1.0,0.0,1.0,1.0
www.artnews.com,0.0,1.0,0.0,1.0,1.0
www.brit.co,0.0,1.0,0.0,1.0,1.0
cointelegraph.com,0.0,1.0,0.0,1.0,1.0
www.boxingnews24.com,0.0,1.0,0.0,1.0,1.0
www.autoexpress.co.uk,0.0,1.0,0.0,1.0,1.0
theplaylist.net,0.0,1.0,0.0,1.0,1.0
www.ganggreennation.com,0.0,1.0,0.0,1.0,1.0
www.geekwire.com,0.0,1.0,0.0,1.0,1.0
www.globalresearch.ca,0.0,1.0,0.0,1.0,1.0
www.nextbigfuture.com,0.0,1.0,0.0,1.0,1.0
prospect.org,0.0,1.0,0.0,1.0,1.0
brickset.com,0.0,1.0,0.0,1.0,1.0
www.bloomberg.com,0.0,1.0,0.0,1.0,1.0
www.menshealth.com,0.0,1.0,0.0,1.0,1.0
celticshorts.com,0.0,1.0,0.0,1.0,1.0
www.masslive.com,0.0,1.0,0.0,1.0,1.0
www.makeuseof.com,0.0,1.0,0.0,1.0,1.0
www.macrumors.com,0.0,1.0,0.0,1.0,1.0
www.livemint.com,0.0,1.0,0.0,1.0,1.0
www.lawyersgunsmoneyblog.com,0.0,1.0,0.0,1.0,1.0
redstate.com,0.0,1.0,0.0,1.0,1.0
www.kpbs.org,0.0,1.0,0.0,1.0,1.0
www.justjared.com,0.0,1.0,0.0,1.0,1.0
www.joblo.com,0.0,1.0,0.0,1.0,1.0
roundtable.io,0.0,1.0,0.0,1.0,1.0
www.insurancejournal.com,0.0,1.0,0.0,1.0,1.0
cryptobriefing.com,0.0,1.0,0.0,1.0,1.0
www.ign.com,0.0,1.0,0.0,1.0,1.0
soldiersystems.net,0.0,1.0,0.0,1.0,1.0
theblast.com,0.0,1.0,0.0,1.0,1.0
thecomeback.com,0.0,1.0,0.0,1.0,1.0
www.haaretz.com,0.0,1.0,0.0,1.0,1.0
www.gofugyourself.com,0.0,1.0,0.0,1.0,1.0
thehockeynews.com,0.0,1.0,0.0,1.0,1.0
9to5google.com,0.0,1.0,0.0,1.0,1.0
