keyword,sentiment_mean,sentiment_std,subjectivity_mean,subjectivity_std,counting
'Abraham Lincoln',0.0,1.0,0.0,1.0,1.0
'Abu Dhabi',-0.0563834324032965,0.8254688352381937,0.13598017352406375,0.811658890821954,51.0
'Adolf Hitler',0.9735991409035942,1.0,-0.8559630429788554,1.0,1.0
'Albert Einstein',0.7071067811865475,1.0,-0.7071067811865475,1.0,1.0
'Alex Jones',-0.6407160735728719,1.0,-1.396116073148245,1.0,1.0
'Alex Pereira',-0.16054011735284937,1.0697818145248816,0.12177853900194308,1.1689441469694932,23.0
'Alexander Volkanovski',-0.19816598316364617,0.6741630249984697,-0.25183177448261274,1.317956960907732,12.0
'Alexandre Pantoja',0.19606207504943018,0.6697144842668837,0.06653505968776395,1.1872716763025524,13.0
'Ali Abdelaziz',-0.10010561932409923,0.5216240497116434,-0.9992169845088245,1.0706491031566385,9.0
'Ali Khamenei',-0.02085772517960382,1.0,-0.34946940212737115,1.0,1.0
'Andrew Cuomo',-0.9702106924002467,1.0,0.18139207442111777,1.0,1.0
'Andrew Mountbatten Windsor',-1.6206518331646438,1.0,2.0853431248733045,1.0,1.0
'Andrew Windsor',0.2326623306329487,1.0,-1.15693960344787,1.0,1.0
'Andy Burnham',-0.12950630350897532,0.667188748733707,-0.04990532484695242,0.9588184491490661,47.0
'Anne Hathaway',1.08434115331996,1.0,0.6117794446129747,1.0,1.0
'Anthony ',0.38979312083122813,0.7476122441486053,-0.2934951094086186,0.800308588249348,31.0
'Anthony Fauci',0.22506008028168348,1.0,-0.645870308444876,1.0,1.0
'Antonio Guterres',-0.7468325952482798,1.0,-0.04927557583591855,1.0,1.0
'Archie Colgan',1.0460253388580738,0.18008142638000008,0.6943355529525888,1.742435394462709,2.0
'Arman Tsarukyan',0.3133374240431258,1.245024845516663,0.18161537280732476,0.9702859018508092,31.0
'Barack Obama',-0.9333388278305607,1.0,1.7277570543022336,1.0,1.0
'Belal Muhammad',-0.6635458262981557,0.7082356402580242,0.4037297136405137,1.6760157592822371,4.0
'Bill Belichick',-0.24294871794871797,1.0,0.375,1.0,1.0
'Bill Gates',-0.2702204405120695,0.23351348867793198,0.7302886426394724,1.549156749670225,2.0
'Bill Maher',0.0680893201156563,1.0434409490977945,0.18607644309683585,0.7829862480881397,30.0
'Bill Pulte',0.3941331706088051,0.534533741290962,-0.8718679269068376,0.7386332026888861,4.0
'Bogdan Guskov',-0.022864904032186967,0.9547470744653277,-0.050600455822728374,0.8688224446867099,12.0
'Boris Pistorius',0.0,1.0,0.125,1.0,1.0
'Brendan Carr',-0.39925527065689775,0.8183402563729618,0.08271691573925612,1.307937127415242,11.0
'Brian Kilmeade',0.3694462387154625,1.0,-0.9905863725203782,1.0,1.0
'Britney Spears',0.10860939192438175,1.0,-0.7528504068668304,1.0,1.0
'Camilla',0.1701486336719911,1.7466766392968325,0.0742358227177633,0.9508841780145882,3.0
'Carlos Prates',-0.23445229673179072,0.7043416194265958,-0.3102886593634047,0.7413806750695272,17.0
'Carlos Ulberg',0.3992996544580722,0.7737816438998638,-0.2229943468356516,0.864296241748765,15.0
'Charles III',-0.0563051191716358,0.6015370553726721,-0.11137814472443108,0.8556210337727129,6.0
'Charles Oliveira',-0.049748378144097355,1.4297303629564293,-0.13547992390338293,1.2623590499183683,25.0
'Charlie Kirk',0.3025353121699327,0.3082510904321256,-0.5334733005692357,0.7739754858107978,2.0
'Chris Cuomo',-0.1694957784723504,0.9245213609426655,-0.041282987691458425,0.8127744840094517,7.0
'Chris Murphy',0.3075056813042689,0.5651212949927241,0.7541762975542428,0.0665663484215308,2.0
'Chris Van Hollen',0.43813131267119587,0.3803887555200676,0.5733585853984684,0.18914851242643316,2.0
'Christian Bale',-0.13059819534633293,0.9847994430629382,0.14365616161786932,0.7757756220649921,7.0
'Christina Ricci',-0.11799788582861487,1.0617805093747517,0.07544937168544762,0.6461570363256561,6.0
'Christopher Nolan',-0.1137529673323521,0.8391290108384041,-0.5195862975893105,0.265194011125974,2.0
'Conor McGregor',-0.05158636269519185,0.9134570244654402,0.11195910510228653,0.9787988081228262,60.0
'Dakota Ditcheva',-0.3419575618455438,0.5283441478706097,-0.43840998089086847,1.2453809263923652,4.0
'Dan Hooker',0.025874730943119068,0.5635872624587154,-0.018997402240923573,0.939105783950685,25.0
'Dana White',-0.38005374056117697,0.8760753317508032,-0.5474825512026832,0.82604757137987,64.0
'Daniel Cormier',0.06372961539704544,1.0698022005152474,0.07078730818155486,1.0200133794132575,14.0
'Daniel Siad',-0.6476953228864205,0.5162176895869224,-0.32199281571348737,0.6257392725430566,30.0
'David Beckham',0.2408347234975915,1.0,0.3227059083679857,1.0,1.0
'David Cameron',-1.7142327810145257,1.0,-0.47280426080735677,1.0,1.0
'Delcy Rodriguez',0.1929481614485419,1.1017779235021405,0.1753296953204871,1.5831331675137608,10.0
'Delcy Rodríguez',0.1586391191125482,1.0,-1.4696164580948112,1.0,1.0
'Denise Kielholtz',0.21130101370674817,0.6311063723668147,0.23315419789758227,0.7040590529361317,15.0
'Donald Trump',-0.0038797667136800046,0.9577024203082793,0.01636332035956247,0.9156558351762327,202.0
'Eddie Hearn',-0.5488077616311721,0.6347100233971147,-0.4527542546900296,0.7345721115629686,2.0
'Elisha Ellison',0.16390214519313306,0.8159479233961676,0.05464817650603373,0.3898166874556371,3.0
'Elizabeth Warren',0.40824829046386313,1.0,0.14819979474021922,1.0,1.0
'Elon Musk',0.07779535450997714,0.8292240018096574,0.2523052013090635,1.0794434117002167,4.0
'Emmanuel Macron',-0.2674176863863011,1.0,-1.1755302872705768,1.0,1.0
'Epstein Files',-0.42184108223337424,0.9621288342922011,-0.4340772185461769,0.7316376616511445,4.0
'Erika Kirk',0.359495503050155,1.0,-0.6572579820777715,1.0,1.0
'Francis Ngannou',0.009227777920831409,1.0,1.2792820459368492,1.0,1.0
'Friedrich Merz',-0.1495086103863142,0.8524818196644185,-0.26958297728558206,0.7104524826354097,12.0
'Gable Steveson',0.2990823075014259,1.1736193067408232,0.26585146611361865,1.0543157787523059,50.0
'Gavin Newsom',-1.0041061669405815,0.4158068357500787,-0.35668849262119523,0.8207110898882092,2.0
'Ghislaine Maxwell',0.490723356074915,0.3622700244488375,0.8443636070357544,0.4983425372590729,2.0
'Greg Abbott',-0.37812099265035726,1.0,0.10695036114716507,1.0,1.0
'Gregory Rodrigues',0.12310492261591002,0.9931790409190168,-0.012850649584912041,0.8400044872448338,38.0
'HBO Max',0.7508345706365548,0.26063038661108084,0.30740042805876644,0.2845623794123228,2.0
'Harriet Sperling',0.18037020238636645,0.6556238549834479,-0.5554704361625147,1.2511734867463418,3.0
'Henry Cejudo',0.14545087134085793,0.7890739885680048,-0.45038062545713586,1.0154142151132892,21.0
'Herb Dean',-0.07843367003452224,1.3745822045840619,-0.1136002082725545,1.2269945169457959,19.0
'Hillary Clinton',0.24288222725995823,1.0,-1.482053965690886,1.0,1.0
'Ian Garry',0.2792134372025194,1.115936818045681,0.37620437768339765,1.2309941764638992,34.0
'Ian Machado Garry',0.16942121836532742,1.1275220918346338,0.07319220844573622,0.8629041650838272,52.0
'Ilia Topuria',-0.0860273815018348,0.9504505132352539,-0.26365491092538185,0.9096390104647689,63.0
'Islam Makhachev',0.07382983156951166,1.0905572978953442,0.19494209043528166,0.9815488343739547,163.0
'Ivanka Trump',-0.6905907728664582,1.0,-0.06381065993611228,1.0,1.0
'JD Vance',-0.7001793335337337,0.8497837890427149,-0.47453136330866297,0.4168627086465857,3.0
'Jack Della Maddalena',-1.1775136336548464,1.0,0.5301168031915569,1.0,1.0
'Jack Ma',-0.043993993864677464,0.244196035727785,-0.011389512409015756,0.5817926278668847,2.0
'Jake Paul',-0.37591225845189047,0.5592100365438176,-0.2512850197552809,0.6697224513187541,7.0
'Jake Tapper',0.24288222725995823,1.0,-1.3255312350128783,1.0,1.0
'James Comer',-1.0195319479211122,0.34805591991907137,0.03527092261176573,0.013109993777614801,2.0
'James Talarico',0.17641252112983927,1.0644532784558367,0.14202260564530161,0.5870951131456238,11.0
'James Van Der Beek',0.5540574371587902,1.0,1.532214520427514,1.0,1.0
'Jared Kushner',-0.7071067811865476,1.0,-0.707106781186547,1.0,1.0
'Jason Kelce',-0.7071067811865477,1.0,0.7071067811865476,1.0,1.0
'Javier Mendez',0.0931008260753874,0.7232382834947645,0.3328880771292174,1.0182838797269267,7.0
'Jay Clayton',0.07645057616956563,0.7224541895053149,-0.07773892821789964,0.7884410051593893,7.0
'Jeffrey Donaldson',-0.4765640503206846,1.0,-1.914952239491972,1.0,1.0
'Jeffrey Epstein',-0.052937688492631835,0.9584997569210957,-0.21765976827704597,0.9103579121102362,50.0
'Jimmy Carter',1.769063027943081,1.0,1.5139074631873248,1.0,1.0
'Jimmy Fallon',0.09365584220794859,0.9397146428765325,0.09918358207735628,0.9765823153982943,30.0
'Jimmy Kimmel',0.1626544829558903,0.8858605963372452,0.2638935927348356,0.8129541392478379,72.0
'Joe Biden',-0.40322169284146836,0.5466713606198913,-0.2460934634261034,0.6190863130434059,2.0
'Joe Rogan',0.13074138428403792,1.6595229886801404,-0.5503716660916163,0.7846684169045286,2.0
'John Cornyn',0.4052967049263178,0.7277549475108867,0.36894888768293166,1.0864136943393568,12.0
'John Lennon',-0.48012490082695836,0.32100085361747815,-1.4011646712977728,0.9815460812673501,2.0
'Jon Jones',-0.46133681121411213,1.9227708584895638,0.21034398709240834,1.4712698626727387,12.0
'Jon Ossoff',-0.14530561129187333,1.0097795121417976,-0.055793813390151215,1.0817306533841657,31.0
'Josh Hokit',0.09398379161679128,0.9936395457398268,0.48468683015971864,1.3473997948450955,13.0
'Joshua Van',0.18038853418973252,0.7529108150729926,-0.1277095572178348,0.8860749872007839,37.0
'Julia Louis-Dreyfus',0.542110203407534,1.0,0.6412946838240821,1.0,1.0
'Justin Gaethje',-0.17994980398293214,1.0577745367540412,0.07127922764722368,1.1232657730623274,37.0
'Kamala Harris',-0.46612563765684617,1.2852399911470687,-0.9801812553594056,0.37663501097060936,3.0
'Kamaru Usman',0.10376869860549774,0.8129926990229782,-0.43294475992111536,0.6302861601666261,7.0
'Karoline Leavitt',2.1976219259846133,1.0,-0.9689811844147583,1.0,1.0
'Kate Middleton',-0.090576053737117,1.0,-0.694847410525273,1.0,1.0
'Katie Couric',-0.27082510990849695,1.3439013967573072,0.33880996758431825,1.1581974113179379,9.0
'Keir Starmer',0.09962764076530908,0.7076527872847599,-0.12453654016050057,1.0148797317209686,10.0
'Ken Paxton',-0.017014431791637436,0.6252694371183736,0.5643629381469464,0.19577929721710924,6.0
'Kevin Spacey',-0.1803953139908588,0.5735255545788316,0.37843917505637276,0.8439121561814201,13.0
'Khabib Nurmagomedov',0.5499189883849627,1.171703893329552,0.10966732621907697,0.6865584554333164,10.0
'King Charles III',-0.011331056752159074,0.7433928952888323,0.08198809247503995,0.8161905709169279,44.0
'King Charles',0.028152051067937403,0.913813944205932,-0.1277676638238585,1.0765543614285722,15.0
'Lady Di',0.003976233925751765,1.0,-0.13310532081628446,1.0,1.0
'Larry David',-0.865181719299256,1.0,-0.6162904069338849,1.0,1.0
'Lauren Boebert',0.857876747335751,1.0,0.03346371709517033,1.0,1.0
'LeBron James',-0.45509874383123217,1.0,1.1337226514769088,1.0,1.0
'Lionel Messi',-0.016425753878919796,0.7076788934053867,0.3657293880323353,0.5912829894985117,3.0
'Logan Paul',0.25452561583865213,0.2237320690823547,0.5278041942682724,0.42875111884280825,6.0
'Magomed Ankalaev',0.18650822421388136,0.8687076801253911,0.07119787371301904,0.8447545641984927,57.0
'Manuela Schwesig',-0.10446564672179617,1.210818441043862,-0.17163079455476032,0.8704887272189858,14.0
'Marco Rubio',-0.21751290137883564,1.0271281967017158,-0.956232901228567,1.0869155638694863,5.0
'Margaret Qualley',-1.6632585936648034,1.0,-1.5590957275148465,1.0,1.0
'Margot Robbie',0.39616603211806917,1.5501327080006624,1.140486611255488,0.8836263045324344,3.0
'Maria Bartiromo',1.5534644737873595,1.0,0.693452673215774,1.0,1.0
'Maria Corina Machado',1.3329750455157416,1.0,-0.7902572836628304,1.0,1.0
'Marine Le Pen',0.4100464959550593,0.7200876383895234,-0.7668727666588185,0.17599265980967202,2.0
'Marine Tondelier',-0.3494579046535414,0.16429087409663481,0.008028565118171238,1.2125464913136808,2.0
'Marjorie Taylor Greene',-2.5994061987431443,1.0,0.8914082541449679,1.0,1.0
'Mark Carney',0.004401154401154398,1.0,0.36215728715728723,1.0,1.0
'Mark Kelly',-0.0005218119567427015,0.6834620721315708,0.39111289131561794,0.48567291604832374,5.0
'Mark Twain',0.24976899655247342,0.653876620871105,0.009928257628577316,0.8248858986297858,6.0
'Mark Zuckerberg',-0.3301359982248974,0.581302920738343,-0.8490137055315959,0.8921891535348511,4.0
'Martin Scorsese',0.18939393939393936,1.0,0.5303030303030304,1.0,1.0
'Mateusz Gamrot',0.00873400492208165,0.757692689736011,0.27906102693521523,0.6919577843955859,2.0
'Mauricio Ruffy',0.047010486586112295,0.9495962112686593,0.278137964273468,0.950083330951672,22.0
'Max Holloway',0.0328868891474559,0.8094658354262877,-0.13331795085872733,1.0153939964811818,67.0
'Meghan Markle',-0.5919184341779709,1.6206546193967726,-0.0839060732706905,0.2767128886070391,2.0
'Melania Trump',0.5615223944324292,1.0,-1.1929599765271957,1.0,1.0
'Merab Dvalishvili',-0.10384465265408806,1.0537383984103128,-0.2771619928723288,0.9498414500501919,28.0
'Michael Mann',0.2125,1.0,0.4166666666666667,1.0,1.0
'Michael Morales',-0.6684427154061425,0.9370438426000347,0.03984315769400334,1.08881658364341,3.0
'Michelle Obama',-0.15956147815231705,0.4520715734232839,-0.3742871730886631,0.6167102526432482,5.0
'Mick Jagger',-0.5324419309981905,2.00565182872137,-0.25590899072854767,1.8729354123253579,2.0
'Mike Johnson',-0.4406144862085178,1.0,-0.574793254689898,1.0,1.0
'Milo Yiannopoulos',0.39497434790020447,1.0,-1.3411472536591564,1.0,1.0
'Mo Lewis',0.30196984212806993,1.0,-0.5258154744165191,1.0,1.0
'Monique Barbut',0.016041290169016766,0.45716842716745837,0.21451552523592793,0.8330283690776897,8.0
'Movsar Evloev',-0.4812851797054771,1.0537901030632393,0.10583041207097922,1.1712706369694719,12.0
'Nancy Guthrie',-1.3852718311145813,1.0,-0.01297009527635051,1.0,1.0
'Narendra Modi',-0.008929835566211306,1.0,0.03238588125537243,1.0,1.0
'Natalie Harp',-0.0655713802011167,0.920015867473404,-0.023648732875068523,0.9122134884554559,70.0
'Nick Bilton',0.0698051948051948,1.0,0.4969696969696969,1.0,1.0
'Nick Fuentes',-1.989863897762263,1.0,1.3875294300725873,1.0,1.0
'Nicolas Cage',1.6798827266524743,1.0,1.0423145372391762,1.0,1.0
'Nicolás Maduro',-2.320875004057209,1.0,1.245445199131179,1.0,1.0
'Olivia Rodrigo',0.5927864804494872,1.0,0.9255139520160085,1.0,1.0
'Paddy Pimblett',-0.4295211228557303,0.8772547413023131,0.05401206796070196,0.6114550397119172,4.0
'Paul McCartney',0.8078887620969932,0.14252724424637878,-0.10797377981053968,1.1526979837887514,2.0
'Pete Hegseth',-0.7071067811865475,1.0,-0.7071067811865477,1.0,1.0
'Peter Phillips',0.022314049586776852,1.0,0.33498622589531685,1.0,1.0
'Petr Yan',2.3625052795836936,1.0,-0.14570857743215043,1.0,1.0
'Philippe Brun',-0.21576794577444278,1.0,-0.0026500911274339534,1.0,1.0
'Prince Archie',0.11385782677726275,1.1040407047593475,-0.41651328257226494,2.07118846982325,2.0
'Prince Charles',0.912113262523826,1.0,1.401125832427906,1.0,1.0
'Prince Harry',-0.27531258044460616,1.1141337164303042,-0.3456403435449601,0.9198569617876136,5.0
'Prince William',-0.017271189861395086,1.0,-1.4669116590290225,1.0,1.0
'Princess Diana',-0.7729548570997888,1.247544884638644,0.43370292710611447,1.01741726471756,5.0
'Putin',-0.22248693986376517,0.40892495196443024,-0.22083432078243465,0.925132768516311,2.0
'Queen Camilla',-0.12222222222222219,1.0,0.7333333333333334,1.0,1.0
'Queen Elizabeth II',1.57492660596454,1.0,0.6549298665014105,1.0,1.0
'Raphaël Glucksmann',1.4174324728832854,1.0,-0.09064027896669702,1.0,1.0
'Ro Khanna',-0.01930404554350229,0.7687868670835504,-0.03371761753214512,0.6901762297037463,3.0
'Robert De Niro',-0.7071067811865475,1.0,-0.7071067811865476,1.0,1.0
'Robert Gates',0.2616337756288946,1.2861896260335912,0.8257831399642557,0.29727889298464294,3.0
'Robin Roberts',0.7582686213289609,1.0,-0.2123371428425839,1.0,1.0
'Roger Federer',0.17401497034720392,1.0,1.6780501133492647,1.0,1.0
'Ron Howard',-0.3309931631251602,1.0,2.5495925309652616,1.0,1.0
'Ron Johnson',0.1586391191125482,1.0,-1.4696164580948112,1.0,1.0
'Rosie ODonnell',-0.041403878016503595,0.6588954922152138,-0.24362035558818124,0.766309901233377,10.0
'Rosie O’Donnell',0.012066046529192883,0.9214321541147342,0.007987555090117298,0.9121377769608862,49.0
'Ryan Gosling',-0.05108755664029209,1.0,-0.195601941680769,1.0,1.0
'Sabrina Carpenter',-0.7071067811865476,1.0,0.7071067811865478,1.0,1.0
'Salahdine Parnasse',0.0249248853139219,1.130665877650835,0.026235222940730572,0.9687383405184432,32.0
'Sam H',-0.29926256528175144,0.5412834745459008,0.11270699748483302,1.0824220328882819,11.0
'Sam Levinson',-0.02939489953705159,1.439976659599985,0.5764269750277156,0.6720527386091827,6.0
'Sarah Ferguson',0.4677105213782073,0.7133326938336048,0.16749177867396248,1.5390710228246673,3.0
'Sarah Stier',1.9582556911036622,1.0,-0.15348524163156782,1.0,1.0
'Scooter Braun',-0.751405501400236,0.29419849764866074,-0.8524685243996147,1.378647184111466,3.0
'Scott Jennings',0.6603050860360947,1.6006089862991895,0.3627131799638025,0.6053351382322363,2.0
'Sean Brady',0.376836316029374,1.3664952712868939,0.012581707620238596,1.3994057458457998,11.0
'Sean Strickland',-0.10667999396990385,0.9294322758687563,-0.2796996528226487,0.7509704052589737,9.0
'Shavkat Rakhmonov',-0.5441734532846753,0.13922588753128737,-0.7757116869221272,0.09822323314264039,2.0
'Song Yadong',-0.3272804804544263,0.9455678647568557,0.10567354018278038,1.0486238870241977,57.0
'Spencer Pratt',-0.02060536147122288,1.1871106765974877,0.19023353156464687,0.966775331532269,7.0
'Stephen Colbert',0.20645341841671572,1.0297943562738885,-0.32435300750917706,0.9827090295332386,4.0
'Steven Spielberg',0.8397292533441476,1.0,0.5081025465477575,1.0,1.0
'Sunny Hostin',-0.6158429491779974,1.0,-1.8617836748220384,1.0,1.0
'Susan Collins',2.007797433298877,1.0,0.9274772414770288,1.0,1.0
'Sven Schulze',-0.11745411432851399,0.20153746232539774,-0.5192161231307213,0.6880348821722723,3.0
'Sydney Sweeney',0.22611438632373906,1.0754280447245617,0.2794159253076077,0.9816151094840591,32.0
'Taylor Swift',-0.06533603754994063,0.8708470225737892,-0.06001550090507355,0.9436007081687967,46.0
'Tim Cook',0.7736190075904836,0.7968224596048052,1.0532328207018904,1.317625596513982,2.0
'Todd Blanche',0.14455235261334987,0.6352083581610517,-0.22501595026372634,0.6261185922332583,7.0
'Tom Aspinall',0.10177203800827467,1.073591209719649,0.5243356852780926,1.038014207036489,22.0
'Tom Brady',1.5101132479141435,1.6354241273956722,0.7707383530221761,0.23414819718854504,2.0
'Tom Homan',-0.8851082977926578,1.0,1.1500983317874085,1.0,1.0
'Travis Kelce',-0.144836717878686,0.7405055566420495,-0.397051525626063,0.8154683086308124,14.0
'Trevor Phillips',-0.5986038136210768,1.0,-1.69688500608144,1.0,1.0
'Tulsi Gabbard',-0.1616146561002815,0.4529072323071683,-0.9507867940646253,0.7337359474329654,2.0
'Umar Nurmagomedov',-0.21588966077845143,1.1932602984858665,0.2109247902783724,0.9965097689282962,24.0
'Usman Nurmagomedov',0.16477233427858762,0.7970156610027231,0.06771404182478626,0.8563677468432431,70.0
'Valter Walker',0.28389618214951673,0.8467158694154613,0.5324780476531601,0.8233152093040728,21.0
'Virginia Giuffre',0.3473576068123099,1.2903888329100623,-0.6492598334244148,1.2756324740816136,2.0
'Vladimir Putin',0.07635872645724813,1.0,0.22142213612828157,1.0,1.0
'Warren Buffet',2.8017444336043478,1.0,1.3001356837476077,1.0,1.0
'Will Ferrell',-0.5281483024969356,1.0,-0.6542573745569252,1.0,1.0
'Xi Jinping',-0.18454328293248023,0.6473383146103795,-0.7891161357201644,0.7766314444528455,3.0
'Yadong Song',-0.25305706271596234,1.0,-0.4028084259665206,1.0,1.0
'Zohran Mamdani',-0.09115855936188039,1.1430513484807527,0.7745163924147971,0.5795449127908612,8.0
'nan Si',-0.1071360303757326,0.4506532536407514,-0.13496467422739655,1.0686206441020996,4.0
'nan nan',0.07197129509671359,0.9050087544816151,0.039944841503111395,0.798213779869524,57.0
