week,sentiment_mean,sentiment_std,subjectivity_mean,subjectivity_std,counting
2026-27,-0.0024504370424440368,1.0050829853827448,0.10497991034097301,1.011097954295875,268.0
2026-28,-0.08485671527831799,0.9169462753131925,-0.06068219459193898,0.9846828150228275,197.0
2026-29,-0.15101512143483398,0.8506193122644594,-0.048582942721690434,0.9271806294786311,329.0
2026-30,-0.011048662825804982,0.8246063559230985,0.044636893663820655,0.8564620980707562,164.0
2026-31,0.1197844783191163,1.096350254564508,0.08291683044117866,1.0515651893757736,168.0
2026-32,0.14655801090815243,0.9445809497137917,0.053132259453014447,0.9743644318209086,208.0
2026-33,0.04354376627572479,0.948626786477734,-0.054723732055280944,0.8754671816801509,363.0
2026-34,0.055196909354111,0.9794299308190052,0.02184608845382869,1.0172891272355358,263.0
2026-35,-0.04636192000479029,1.0299058603528704,0.03666021209941374,0.936465603719553,220.0
2026-36,-0.1418540059858658,0.8179715934052635,-0.2121475894376995,0.9823781423990233,96.0
2026-37,0.04827802221551822,0.9815144250145528,-0.04338288480686876,0.9405432108419485,196.0
2026-38,0.06679282561741988,0.9806853160245662,0.12762670398681267,0.9764583717116602,144.0
2026-39,0.032199141120202335,0.9271643105769454,0.2122309432952541,0.9117183253292049,133.0
